{"stats":{"minecraft:picked_up":{"minecraft:coarse_dirt":2,"minecraft:iron_chestplate":1,"minecraft:crafting_table":4,"minecraft:diamond_horse_armor":1,"minecraft:crimson_planks":1,"minecraft:shield":2,"minecraft:cornflower":4,"minecraft:string":7,"minecraft:wooden_sword":1,"minecraft:smooth_stone_slab":2,"minecraft:iron_leggings":1,"minecraft:blue_orchid":2,"minecraft:cracked_stone_bricks":2,"minecraft:cobbled_deepslate":21,"minecraft:smooth_stone":2,"minecraft:spruce_planks":2,"minecraft:beef":122,"minecraft:iron_pickaxe":1,"minecraft:chest":1,"minecraft:sugar_cane":2,"artifacts:universal_attractor":1,"minecraft:raw_iron":5,"minecraft:torch":13,"botania:black_mushroom":1,"artifacts:vampiric_glove":1,"minecraft:purple_terracotta":1,"artifacts:snorkel":1,"minecraft:arrow":13,"minecraft:rotten_flesh":29,"artifacts:cross_necklace":1,"minecraft:cyan_terracotta":1,"minecraft:totem_of_undying":1,"minecraft:gold_ingot":7,"minecraft:iron_bars":5,"minecraft:cobblestone":85,"minecraft:birch_log":7,"minecraft:leather_chestplate":2,"minecraft:cooked_beef":2,"minecraft:glow_ink_sac":2,"minecraft:andesite":65,"minecraft:leather":26,"minecraft:smoker":4,"minecraft:potato":2,"minecraft:oak_log":12,"minecraft:lapis_lazuli":105,"minecraft:dirt":1,"minecraft:polished_granite":1,"minecraft:bone":11,"minecraft:apple":4,"minecraft:wheat_seeds":1,"botania:gray_mushroom":1,"minecraft:iron_ingot":6,"artifacts:steadfast_spikes":1,"minecraft:oak_planks":1,"minecraft:iron_sword":1,"minecraft:book":51,"minecraft:gravel":6,"minecraft:blast_furnace":3,"minecraft:leather_helmet":1,"minecraft:mossy_cobblestone":3,"minecraft:spider_eye":1,"minecraft:polished_andesite":2,"minecraft:slime_ball":7,"minecraft:diamond":2,"minecraft:iron_helmet":2,"minecraft:emerald":5,"minecraft:bread":2,"minecraft:coal":68,"minecraft:bricks":2,"minecraft:diamond_pickaxe":1},"minecraft:mined":{"minecraft:diamond_ore":1,"minecraft:spruce_planks":2,"minecraft:mossy_cobblestone":3,"minecraft:deepslate_diamond_ore":1,"botania:black_mushroom":1,"minecraft:purple_terracotta":1,"minecraft:grass_block":1,"minecraft:spruce_leaves":1,"minecraft:sandstone":1,"minecraft:spawner":31,"minecraft:smooth_stone":2,"minecraft:iron_ore":5,"minecraft:nether_sprouts":1,"minecraft:cobbled_deepslate":1,"minecraft:fire":3,"minecraft:andesite":102,"minecraft:deepslate_lapis_ore":8,"minecraft:bookshelf":18,"minecraft:vine":1,"minecraft:oak_stairs":2,"minecraft:iron_bars":19,"minecraft:blue_orchid":2,"minecraft:stone":88,"minecraft:cyan_terracotta":1,"minecraft:kelp_plant":1,"minecraft:smoker":4,"minecraft:polished_granite":1,"minecraft:crafting_table":4,"minecraft:cornflower":4,"minecraft:torch":1,"minecraft:blast_furnace":3,"minecraft:chest":1,"minecraft:rose_bush":1,"minecraft:cobblestone":5,"minecraft:copper_ore":1,"minecraft:tall_grass":3,"minecraft:lapis_ore":7,"minecraft:oak_planks":1,"minecraft:sugar_cane":1,"minecraft:bricks":2,"minecraft:coarse_dirt":3,"minecraft:birch_log":7,"minecraft:birch_leaves":1,"minecraft:tnt":4,"minecraft:smooth_stone_slab":2,"minecraft:grass":10,"minecraft:oak_log":12,"minecraft:coal_ore":16,"minecraft:gravel":7,"minecraft:crimson_planks":1,"minecraft:cracked_stone_bricks":3,"minecraft:polished_andesite":5,"minecraft:netherrack":1,"minecraft:deepslate":17,"minecraft:fern":1},"minecraft:dropped":{"minecraft:water_bucket":1,"minecraft:iron_sword":1,"minecraft:wheat_seeds":1,"minecraft:glow_ink_sac":2,"minecraft:mossy_cobblestone":1,"minecraft:iron_helmet":1,"minecraft:cracked_stone_bricks":1,"artifacts:universal_attractor":1,"minecraft:chainmail_helmet":1,"minecraft:diamond_horse_armor":1,"minecraft:cornflower":4,"minecraft:wooden_axe":1,"minecraft:iron_leggings":2,"minecraft:wooden_sword":1,"minecraft:iron_pickaxe":2,"minecraft:smooth_stone":2,"minecraft:chainmail_leggings":1,"minecraft:iron_shovel":1,"minecraft:string":3,"minecraft:bone":7,"minecraft:gravel":2,"minecraft:coarse_dirt":2,"minecraft:smooth_stone_slab":2,"minecraft:rotten_flesh":10,"minecraft:iron_boots":1,"botania:black_mushroom":1,"minecraft:leather_chestplate":1,"minecraft:shield":2,"minecraft:iron_chestplate":3,"minecraft:chest":1,"minecraft:slime_ball":7,"minecraft:iron_bars":2,"minecraft:blue_orchid":3,"minecraft:beef":19,"minecraft:stone_pickaxe":1,"minecraft:wooden_pickaxe":1},"minecraft:killed_by":{"minecraft:player":2,"minecraft:enderman":1,"minecraft:skeleton":1,"minecraft:phantom":2},"minecraft:killed":{"minecraft:evoker":1,"minecraft:vex":3,"minecraft:cave_spider":1,"minecraft:vindicator":12,"minecraft:spider":17,"minecraft:skeleton":28,"artifacts:mimic":5,"minecraft:zombie_villager":1,"creeperoverhaul:spruce_creeper":1,"minecraft:pillager":8,"minecraft:zombie":47,"minecraft:stray":2,"minecraft:cow":26},"minecraft:crafted":{"minecraft:oak_planks":28,"minecraft:furnace":1,"minecraft:iron_boots":1,"minecraft:iron_axe":1,"minecraft:stone_pickaxe":1,"minecraft:chest":1,"minecraft:smoker":1,"minecraft:cooked_beef":18,"sophisticatedbackpacks:backpack":1,"minecraft:crafting_table":2,"minecraft:wooden_pickaxe":1,"minecraft:bucket":2,"minecraft:birch_planks":28,"minecraft:stone_axe":1,"minecraft:air":0,"minecraft:shield":2,"minecraft:stick":16,"minecraft:iron_pickaxe":1,"minecraft:iron_ingot":1,"minecraft:wooden_axe":1,"minecraft:iron_leggings":1,"minecraft:torch":16},"minecraft:custom":{"minecraft:mob_kills":158,"minecraft:interact_with_crafting_table":15,"minecraft:open_barrel":19,"minecraft:leave_game":2,"minecraft:time_since_death":67879,"minecraft:climb_one_cm":2966,"minecraft:sprint_one_cm":445276,"minecraft:walk_one_cm":312216,"minecraft:damage_blocked_by_shield":2015,"minecraft:drop":41,"minecraft:talked_to_villager":1,"minecraft:play_time":136504,"minecraft:deaths":6,"minecraft:sneak_time":4550,"minecraft:walk_under_water_one_cm":43605,"minecraft:boat_one_cm":23049,"minecraft:jump":4246,"minecraft:interact_with_blast_furnace":1,"minecraft:walk_on_water_one_cm":59672,"minecraft:total_world_time":136504,"minecraft:interact_with_furnace":1,"minecraft:sleep_in_bed":1,"minecraft:time_since_rest":67906,"minecraft:damage_taken":6351,"minecraft:damage_absorbed":120,"minecraft:damage_dealt":31710,"minecraft:swim_one_cm":133734,"minecraft:fly_one_cm":918614,"minecraft:player_kills":3,"minecraft:open_chest":87,"minecraft:crouch_one_cm":12355,"minecraft:interact_with_smoker":12,"minecraft:fall_one_cm":156348,"minecraft:inspect_dispenser":1},"minecraft:used":{"minecraft:shield":31,"minecraft:torch":2,"minecraft:wooden_axe":5,"minecraft:lava_bucket":9,"minecraft:iron_axe":178,"minecraft:beef":2,"minecraft:cooked_beef":22,"minecraft:cobbled_deepslate":15,"minecraft:water_bucket":34,"minecraft:polished_andesite":2,"minecraft:stone_pickaxe":46,"minecraft:baked_potato":8,"minecraft:oak_planks":4,"minecraft:wooden_pickaxe":3,"minecraft:golden_apple":3,"minecraft:crafting_table":6,"minecraft:smoker":4,"minecraft:bread":30,"minecraft:iron_pickaxe":306,"minecraft:gravel":4,"minecraft:stone_axe":69,"minecraft:diamond_sword":290,"minecraft:cobblestone":48,"minecraft:andesite":66,"minecraft:bucket":45}},"DataVersion":2975}