{"stats":{"minecraft:picked_up":{"minecraft:iron_chestplate":3,"minecraft:nether_brick":23,"minecraft:crimson_planks":4,"minecraft:string":54,"minecraft:smooth_stone_slab":2,"minecraft:red_nether_bricks":3,"minecraft:iron_leggings":1,"minecraft:deepslate_tiles":6,"minecraft:diamond_leggings":1,"minecraft:smooth_stone":2,"minecraft:gold_nugget":14,"minecraft:cobbled_deepslate":33,"minecraft:spruce_planks":2,"minecraft:iron_pickaxe":1,"minecraft:stick":1,"artifacts:universal_attractor":1,"minecraft:torch":18,"botania:black_mushroom":1,"minecraft:porkchop":1,"minecraft:pointed_dripstone":2,"easy_villagers:villager":1,"botania:manasteel_ingot":4,"minecraft:rotten_flesh":32,"minecraft:cyan_terracotta":1,"minecraft:bookshelf":2,"minecraft:blaze_rod":11,"minecraft:iron_bars":9,"minecraft:cobblestone":88,"minecraft:birch_log":12,"minecraft:leather_chestplate":2,"minecraft:cooked_beef":49,"minecraft:andesite":65,"minecraft:potato":2,"minecraft:smoker":4,"minecraft:lapis_lazuli":105,"minecraft:dirt":1,"minecraft:polished_granite":1,"minecraft:leather_boots":1,"minecraft:bone":12,"minecraft:wheat_seeds":12,"botania:gray_mushroom":1,"minecraft:oak_planks":1,"minecraft:cooked_porkchop":21,"minecraft:nether_brick_stairs":2,"minecraft:mossy_cobblestone":3,"minecraft:polished_andesite":2,"minecraft:diamond":2,"minecraft:bread":2,"minecraft:emerald":6,"minecraft:oak_sapling":2,"minecraft:netherrack":260,"minecraft:bricks":2,"minecraft:crimson_roots":9,"minecraft:diamond_pickaxe":2,"minecraft:crafting_table":8,"minecraft:coarse_dirt":3,"minecraft:ladder":1,"minecraft:nether_wart":3,"minecraft:diamond_horse_armor":1,"minecraft:shield":2,"minecraft:cornflower":4,"minecraft:wooden_sword":1,"minecraft:blue_orchid":6,"minecraft:cracked_stone_bricks":2,"minecraft:beef":122,"minecraft:sugar_cane":2,"minecraft:chest":1,"minecraft:raw_iron":5,"artifacts:vampiric_glove":1,"minecraft:purple_terracotta":1,"artifacts:snorkel":1,"minecraft:arrow":16,"minecraft:diamond_chestplate":1,"minecraft:nether_bricks":29,"artifacts:running_shoes":1,"artifacts:cross_necklace":1,"minecraft:gold_ingot":7,"minecraft:totem_of_undying":1,"minecraft:white_wool":1,"minecraft:stripped_oak_log":1,"minecraft:glow_ink_sac":2,"minecraft:crimson_stem":2,"minecraft:leather":48,"minecraft:red_mushroom":3,"minecraft:crimson_fungus":1,"minecraft:oak_log":45,"minecraft:nether_wart_block":2,"minecraft:gunpowder":3,"botania:black_mystical_flower":1,"minecraft:apple":9,"minecraft:iron_ingot":40,"artifacts:steadfast_spikes":1,"minecraft:iron_sword":1,"sophisticatedbackpacks:diamond_backpack":1,"minecraft:book":99,"stalwart_dungeons:transient_block_close":2,"minecraft:white_stained_glass_pane":1,"minecraft:warped_fungus":1,"minecraft:quartz":1,"minecraft:cracked_nether_bricks":2,"minecraft:gravel":6,"minecraft:blast_furnace":3,"minecraft:spider_eye":9,"minecraft:leather_helmet":1,"minecraft:slime_ball":7,"minecraft:iron_helmet":2,"minecraft:coal":68},"minecraft:mined":{"minecraft:spruce_planks":2,"minecraft:stone_pressure_plate":1,"minecraft:white_bed":1,"minecraft:cobblestone_stairs":1,"minecraft:red_nether_bricks":3,"minecraft:granite":2,"botania:black_mushroom":1,"minecraft:grass_block":1,"minecraft:nether_wart":2,"minecraft:spawner":59,"minecraft:smooth_stone":2,"minecraft:fire":5,"minecraft:iron_ore":5,"minecraft:cobbled_deepslate":1,"minecraft:deepslate_lapis_ore":8,"minecraft:nether_brick_stairs":3,"minecraft:enchanting_table":1,"minecraft:pointed_dripstone":1,"minecraft:oak_stairs":2,"minecraft:iron_bars":29,"minecraft:pink_tulip":1,"minecraft:blue_orchid":2,"minecraft:cyan_terracotta":3,"minecraft:red_bed":1,"minecraft:kelp_plant":1,"minecraft:smoker":4,"minecraft:crimson_nylium":3,"stalwart_dungeons:transient_block_close":2,"minecraft:torch":2,"minecraft:blast_furnace":3,"minecraft:chest":1,"minecraft:white_stained_glass_pane":1,"minecraft:nether_quartz_ore":4,"minecraft:cobblestone":15,"minecraft:sugar_cane":1,"minecraft:oak_planks":2,"minecraft:bricks":2,"minecraft:iron_door":1,"botania:black_mystical_flower":1,"minecraft:wall_torch":1,"minecraft:nether_wart_block":2,"minecraft:birch_log":12,"minecraft:blue_ice":4,"minecraft:tnt":4,"minecraft:smooth_stone_slab":2,"minecraft:grass":25,"minecraft:oak_log":46,"minecraft:sand":1,"minecraft:dirt":6,"minecraft:crimson_planks":1,"minecraft:netherrack":327,"minecraft:oak_leaves":5,"minecraft:deepslate":29,"minecraft:nether_gold_ore":3,"minecraft:deepslate_tiles":5,"minecraft:diamond_ore":1,"minecraft:mossy_cobblestone":3,"minecraft:deepslate_diamond_ore":1,"minecraft:nether_bricks":33,"minecraft:ladder":1,"minecraft:purple_terracotta":1,"minecraft:spruce_leaves":1,"minecraft:sandstone":1,"minecraft:cracked_nether_bricks":2,"minecraft:crimson_stem":2,"minecraft:large_fern":2,"minecraft:nether_sprouts":1,"minecraft:andesite":102,"minecraft:bookshelf":36,"minecraft:vine":4,"minecraft:rail":1,"minecraft:stripped_oak_log":2,"minecraft:stone":89,"minecraft:white_wool":2,"minecraft:gray_concrete":1,"minecraft:polished_granite":1,"minecraft:crafting_table":8,"minecraft:cornflower":4,"minecraft:emerald_ore":1,"minecraft:rose_bush":1,"minecraft:tall_grass":14,"minecraft:copper_ore":1,"minecraft:lapis_ore":7,"minecraft:coarse_dirt":3,"minecraft:birch_leaves":1,"minecraft:coal_ore":16,"minecraft:gravel":7,"minecraft:cobweb":17,"minecraft:cracked_stone_bricks":3,"minecraft:polished_andesite":5,"minecraft:fern":2},"minecraft:dropped":{"minecraft:iron_sword":1,"minecraft:glow_ink_sac":2,"minecraft:glass_bottle":1,"minecraft:leather":1,"minecraft:cracked_stone_bricks":1,"artifacts:universal_attractor":1,"minecraft:red_mushroom":2,"minecraft:cornflower":4,"minecraft:wooden_sword":1,"minecraft:iron_pickaxe":2,"minecraft:white_wool":1,"minecraft:bone":7,"minecraft:gravel":2,"minecraft:wheat":2,"minecraft:rotten_flesh":11,"botania:manasteel_ingot":4,"botania:black_mushroom":1,"minecraft:leather_chestplate":1,"minecraft:chest":1,"minecraft:iron_bars":2,"minecraft:beef":38,"minecraft:netherrack":1,"minecraft:water_bucket":1,"minecraft:iron_ingot":60,"minecraft:wheat_seeds":1,"minecraft:mossy_cobblestone":1,"minecraft:iron_helmet":2,"minecraft:chainmail_helmet":1,"minecraft:stick":2,"minecraft:diamond_horse_armor":1,"minecraft:wooden_axe":1,"minecraft:iron_leggings":3,"minecraft:iron_axe":1,"minecraft:smooth_stone":2,"minecraft:iron_shovel":1,"minecraft:chainmail_leggings":1,"minecraft:string":6,"minecraft:coarse_dirt":3,"minecraft:smooth_stone_slab":2,"artifacts:aqua_dashers":1,"minecraft:iron_boots":2,"minecraft:shield":3,"minecraft:diamond_chestplate":1,"minecraft:iron_chestplate":4,"artifacts:steadfast_spikes":1,"minecraft:oak_sapling":1,"minecraft:slime_ball":7,"minecraft:blue_orchid":3,"minecraft:stone_pickaxe":1,"minecraft:wooden_pickaxe":1},"minecraft:broken":{"minecraft:diamond_helmet":1,"minecraft:iron_boots":2,"minecraft:shield":1},"minecraft:killed_by":{"minecraft:player":9,"minecraft:stray":1,"minecraft:enderman":1,"stalwart_dungeons:giddy_blaze":1,"minecraft:skeleton":1,"minecraft:phantom":2},"minecraft:killed":{"minecraft:cave_spider":22,"minecraft:witch":1,"minecraft:spider":47,"creeperoverhaul:dripstone_creeper":1,"minecraft:skeleton":39,"artifacts:mimic":6,"minecraft:pig":10,"minecraft:zombie_villager":1,"stalwart_dungeons:giddy_blaze":11,"minecraft:pillager":8,"minecraft:zombie":68,"minecraft:stray":8,"minecraft:cow":48,"minecraft:evoker":1,"minecraft:vex":3,"minecraft:vindicator":12,"stalwart_dungeons:nether_wart_cocoon":15,"creeperoverhaul:spruce_creeper":1,"minecraft:wither_skeleton":18},"minecraft:crafted":{"minecraft:oak_planks":152,"minecraft:bookshelf":15,"minecraft:iron_boots":4,"minecraft:chest":1,"minecraft:smoker":1,"blue_skies:blue_journal":2,"sophisticatedbackpacks:backpack":1,"minecraft:emerald":2,"minecraft:crafting_table":5,"minecraft:wooden_pickaxe":1,"minecraft:iron_helmet":1,"minecraft:birch_planks":48,"minecraft:iron_chestplate":2,"minecraft:diamond_pickaxe":1,"minecraft:shield":2,"minecraft:stick":24,"minecraft:iron_ingot":1,"minecraft:iron_pickaxe":2,"minecraft:furnace":1,"minecraft:iron_axe":2,"minecraft:stone_pickaxe":1,"minecraft:cooked_beef":18,"minecraft:crimson_planks":8,"botania:lexicon":1,"minecraft:bucket":2,"minecraft:stone_axe":1,"minecraft:air":0,"minecraft:wooden_axe":1,"minecraft:iron_leggings":1,"minecraft:torch":16},"minecraft:custom":{"minecraft:interact_with_crafting_table":26,"minecraft:open_barrel":21,"minecraft:leave_game":2,"minecraft:time_since_death":3099,"minecraft:damage_resisted":100,"minecraft:sprint_one_cm":881864,"minecraft:damage_blocked_by_shield":2621,"minecraft:drop":65,"minecraft:talked_to_villager":18,"minecraft:play_time":262504,"minecraft:deaths":17,"minecraft:jump":6876,"minecraft:walk_on_water_one_cm":116199,"minecraft:enchant_item":10,"minecraft:interact_with_furnace":1,"minecraft:traded_with_villager":4,"minecraft:sleep_in_bed":3,"minecraft:damage_dealt":60442,"minecraft:player_kills":4,"minecraft:crouch_one_cm":29122,"minecraft:interact_with_smoker":12,"minecraft:inspect_dispenser":1,"minecraft:mob_kills":339,"minecraft:damage_dealt_resisted":44,"minecraft:climb_one_cm":24255,"minecraft:walk_one_cm":593624,"minecraft:damage_dealt_absorbed":41,"minecraft:sneak_time":11056,"minecraft:walk_under_water_one_cm":65867,"minecraft:boat_one_cm":23049,"minecraft:interact_with_blast_furnace":1,"minecraft:total_world_time":262504,"minecraft:time_since_rest":3128,"minecraft:damage_taken":19114,"minecraft:damage_absorbed":242,"minecraft:swim_one_cm":189159,"minecraft:fly_one_cm":1428309,"minecraft:open_chest":159,"minecraft:fall_one_cm":272142},"minecraft:used":{"minecraft:shield":50,"minecraft:iron_chestplate":1,"minecraft:nether_bricks":25,"minecraft:lava_bucket":9,"minecraft:iron_helmet":1,"minecraft:stone_pickaxe":46,"minecraft:oak_planks":4,"minecraft:ender_pearl":7,"minecraft:wooden_pickaxe":3,"stalwart_dungeons:transient_block_close":2,"minecraft:golden_apple":8,"minecraft:bread":37,"minecraft:gravel":4,"minecraft:diamond_sword":870,"minecraft:andesite":66,"minecraft:netherrack":238,"minecraft:torch":30,"minecraft:wooden_axe":5,"minecraft:bookshelf":15,"minecraft:iron_axe":250,"minecraft:iron_boots":2,"minecraft:totem_of_undying":1,"minecraft:crimson_planks":8,"minecraft:beef":2,"minecraft:cooked_beef":63,"minecraft:cobbled_deepslate":22,"minecraft:water_bucket":71,"minecraft:polished_andesite":2,"minecraft:baked_potato":20,"minecraft:red_nether_bricks":3,"minecraft:crafting_table":12,"minecraft:smoker":4,"minecraft:diamond_pickaxe":439,"minecraft:iron_pickaxe":357,"minecraft:cracked_nether_bricks":2,"minecraft:stone_axe":69,"minecraft:cobblestone":48,"minecraft:potion":1,"minecraft:cooked_porkchop":12,"minecraft:bucket":82}},"DataVersion":2975}