{"stats":{"minecraft:picked_up":{"minecraft:birch_log":7,"minecraft:crafting_table":3,"minecraft:iron_chestplate":1,"minecraft:coarse_dirt":2,"minecraft:leather_chestplate":1,"minecraft:cooked_beef":2,"minecraft:andesite":63,"minecraft:leather":21,"minecraft:smoker":4,"minecraft:potato":1,"minecraft:diamond_horse_armor":1,"minecraft:oak_log":11,"minecraft:cornflower":4,"minecraft:dirt":1,"minecraft:string":3,"minecraft:polished_granite":1,"minecraft:wooden_sword":1,"minecraft:smooth_stone_slab":2,"minecraft:blue_orchid":2,"minecraft:apple":4,"minecraft:cracked_stone_bricks":1,"minecraft:wheat_seeds":1,"minecraft:smooth_stone":2,"minecraft:cobbled_deepslate":7,"minecraft:iron_ingot":3,"minecraft:beef":98,"minecraft:sugar_cane":2,"minecraft:chest":1,"minecraft:iron_sword":1,"minecraft:raw_iron":5,"minecraft:torch":1,"botania:black_mushroom":1,"minecraft:gravel":2,"minecraft:blast_furnace":2,"minecraft:spider_eye":1,"minecraft:mossy_cobblestone":2,"minecraft:polished_andesite":2,"minecraft:rotten_flesh":19,"minecraft:slime_ball":7,"minecraft:iron_helmet":2,"minecraft:cyan_terracotta":1,"minecraft:gold_ingot":7,"minecraft:bread":2,"minecraft:bricks":2,"minecraft:iron_bars":2,"minecraft:coal":68,"minecraft:cobblestone":84},"minecraft:mined":{"minecraft:cyan_terracotta":1,"minecraft:mossy_cobblestone":2,"minecraft:smoker":4,"minecraft:polished_granite":1,"minecraft:cornflower":4,"minecraft:crafting_table":3,"botania:black_mushroom":1,"minecraft:blast_furnace":2,"minecraft:grass_block":1,"minecraft:chest":1,"minecraft:copper_ore":1,"minecraft:cobblestone":5,"minecraft:spruce_leaves":1,"minecraft:sugar_cane":1,"minecraft:bricks":2,"minecraft:spawner":9,"minecraft:smooth_stone":2,"minecraft:coarse_dirt":3,"minecraft:nether_sprouts":1,"minecraft:birch_log":7,"minecraft:iron_ore":5,"minecraft:cobbled_deepslate":1,"minecraft:birch_leaves":1,"minecraft:andesite":98,"minecraft:smooth_stone_slab":2,"minecraft:grass":7,"minecraft:coal_ore":16,"minecraft:oak_log":11,"minecraft:iron_bars":2,"minecraft:gravel":2,"minecraft:cracked_stone_bricks":1,"minecraft:stone":82,"minecraft:blue_orchid":2,"minecraft:polished_andesite":4,"minecraft:fern":1},"minecraft:dropped":{"minecraft:iron_sword":1,"minecraft:wheat_seeds":1,"minecraft:coarse_dirt":2,"minecraft:rotten_flesh":10,"minecraft:cracked_stone_bricks":1,"minecraft:chainmail_helmet":1,"botania:black_mushroom":1,"minecraft:diamond_horse_armor":1,"minecraft:cornflower":4,"minecraft:iron_chestplate":1,"minecraft:wooden_axe":1,"minecraft:chest":1,"minecraft:wooden_sword":1,"minecraft:slime_ball":7,"minecraft:iron_bars":2,"minecraft:blue_orchid":3,"minecraft:stone_pickaxe":1,"minecraft:wooden_pickaxe":1,"minecraft:iron_shovel":1,"minecraft:chainmail_leggings":1,"minecraft:string":3},"minecraft:killed_by":{"minecraft:player":2,"minecraft:skeleton":1,"minecraft:enderman":1},"minecraft:killed":{"creeperoverhaul:spruce_creeper":1,"minecraft:spider":3,"minecraft:skeleton":3,"minecraft:zombie":15,"minecraft:cow":22},"minecraft:crafted":{"minecraft:cooked_beef":18,"minecraft:oak_planks":28,"minecraft:crafting_table":1,"minecraft:wooden_pickaxe":1,"minecraft:furnace":1,"minecraft:bucket":1,"minecraft:stone_axe":1,"minecraft:air":0,"minecraft:iron_boots":1,"minecraft:shield":1,"minecraft:iron_axe":1,"minecraft:stick":16,"minecraft:iron_ingot":1,"minecraft:stone_pickaxe":1,"minecraft:wooden_axe":1,"minecraft:iron_leggings":1,"minecraft:torch":16,"minecraft:smoker":1},"minecraft:custom":{"minecraft:interact_with_furnace":1,"minecraft:mob_kills":44,"minecraft:interact_with_crafting_table":10,"minecraft:open_barrel":2,"minecraft:leave_game":2,"minecraft:time_since_death":4440,"minecraft:climb_one_cm":646,"minecraft:time_since_rest":4464,"minecraft:sprint_one_cm":252453,"minecraft:damage_taken":2374,"minecraft:walk_one_cm":131835,"minecraft:damage_blocked_by_shield":475,"minecraft:drop":21,"minecraft:damage_dealt":7546,"minecraft:player_kills":3,"minecraft:swim_one_cm":26963,"minecraft:fly_one_cm":611593,"minecraft:open_chest":20,"minecraft:play_time":64504,"minecraft:crouch_one_cm":8065,"minecraft:deaths":4,"minecraft:sneak_time":2942,"minecraft:walk_under_water_one_cm":6528,"minecraft:jump":2486,"minecraft:walk_on_water_one_cm":17528,"minecraft:total_world_time":64504,"minecraft:interact_with_smoker":12,"minecraft:fall_one_cm":95690},"minecraft:used":{"minecraft:oak_planks":4,"minecraft:stone_pickaxe":46,"minecraft:polished_andesite":2,"minecraft:baked_potato":8,"minecraft:wooden_pickaxe":3,"minecraft:shield":9,"minecraft:torch":1,"minecraft:crafting_table":4,"minecraft:smoker":4,"minecraft:wooden_axe":5,"minecraft:iron_axe":52,"minecraft:iron_pickaxe":205,"minecraft:stone_axe":69,"minecraft:cobblestone":27,"minecraft:beef":2,"minecraft:cooked_beef":16,"minecraft:cobbled_deepslate":1}},"DataVersion":2975}