{"stats":{"minecraft:custom":{"minecraft:time_since_rest":3221,"minecraft:play_time":3522,"minecraft:sprint_one_cm":6343,"minecraft:deaths":1,"minecraft:damage_taken":20,"minecraft:walk_one_cm":1525,"minecraft:walk_under_water_one_cm":3631,"minecraft:jump":27,"minecraft:leave_game":1,"minecraft:time_since_death":3177,"minecraft:walk_on_water_one_cm":2559,"minecraft:total_world_time":3522,"minecraft:swim_one_cm":926,"minecraft:fall_one_cm":604,"minecraft:fly_one_cm":2757},"minecraft:mined":{"minecraft:red_sand":5,"minecraft:grass_block":1,"minecraft:vine":1,"minecraft:jungle_log":2,"minecraft:dead_bush":1,"minecraft:dirt":1},"minecraft:picked_up":{"minecraft:cocoa_beans":7,"minecraft:jungle_log":2,"minecraft:red_sand":3,"minecraft:dirt":2}},"DataVersion":2975}