{"stats":{"minecraft:picked_up":{"minecraft:coarse_dirt":3,"minecraft:iron_chestplate":3,"minecraft:crafting_table":6,"minecraft:ladder":1,"minecraft:diamond_horse_armor":1,"minecraft:crimson_planks":1,"minecraft:shield":2,"minecraft:cornflower":4,"minecraft:string":54,"minecraft:wooden_sword":1,"minecraft:smooth_stone_slab":2,"minecraft:iron_leggings":1,"minecraft:blue_orchid":6,"minecraft:cracked_stone_bricks":2,"minecraft:diamond_leggings":1,"minecraft:deepslate_tiles":6,"minecraft:cobbled_deepslate":33,"minecraft:smooth_stone":2,"minecraft:spruce_planks":2,"minecraft:beef":122,"minecraft:iron_pickaxe":1,"minecraft:chest":1,"minecraft:sugar_cane":2,"minecraft:stick":1,"artifacts:universal_attractor":1,"minecraft:raw_iron":5,"minecraft:torch":18,"botania:black_mushroom":1,"artifacts:vampiric_glove":1,"minecraft:pointed_dripstone":2,"minecraft:purple_terracotta":1,"easy_villagers:villager":1,"artifacts:snorkel":1,"botania:manasteel_ingot":4,"minecraft:diamond_chestplate":1,"minecraft:arrow":16,"minecraft:rotten_flesh":32,"artifacts:running_shoes":1,"artifacts:cross_necklace":1,"minecraft:cyan_terracotta":1,"minecraft:totem_of_undying":1,"minecraft:gold_ingot":7,"minecraft:iron_bars":9,"minecraft:white_wool":1,"minecraft:cobblestone":87,"minecraft:stripped_oak_log":1,"minecraft:birch_log":7,"minecraft:leather_chestplate":2,"minecraft:cooked_beef":49,"minecraft:glow_ink_sac":2,"minecraft:andesite":65,"minecraft:leather":48,"minecraft:red_mushroom":3,"minecraft:smoker":4,"minecraft:potato":2,"minecraft:oak_log":12,"minecraft:gunpowder":3,"minecraft:lapis_lazuli":105,"minecraft:dirt":1,"botania:black_mystical_flower":1,"minecraft:polished_granite":1,"minecraft:leather_boots":1,"minecraft:bone":12,"minecraft:apple":9,"minecraft:wheat_seeds":11,"botania:gray_mushroom":1,"minecraft:iron_ingot":40,"artifacts:steadfast_spikes":1,"minecraft:oak_planks":1,"minecraft:iron_sword":1,"sophisticatedbackpacks:diamond_backpack":1,"minecraft:book":96,"minecraft:white_stained_glass_pane":1,"minecraft:cooked_porkchop":21,"minecraft:gravel":6,"minecraft:nether_brick_stairs":2,"minecraft:blast_furnace":3,"minecraft:leather_helmet":1,"minecraft:mossy_cobblestone":3,"minecraft:spider_eye":9,"minecraft:polished_andesite":2,"minecraft:slime_ball":7,"minecraft:diamond":2,"minecraft:iron_helmet":2,"minecraft:emerald":6,"minecraft:bread":2,"minecraft:coal":68,"minecraft:bricks":2,"minecraft:diamond_pickaxe":2},"minecraft:mined":{"minecraft:deepslate_tiles":5,"minecraft:diamond_ore":1,"minecraft:stone_pressure_plate":1,"minecraft:spruce_planks":2,"minecraft:white_bed":1,"minecraft:mossy_cobblestone":3,"minecraft:deepslate_diamond_ore":1,"minecraft:cobblestone_stairs":1,"minecraft:granite":2,"minecraft:ladder":1,"minecraft:nether_bricks":2,"botania:black_mushroom":1,"minecraft:purple_terracotta":1,"minecraft:grass_block":1,"minecraft:spruce_leaves":1,"minecraft:sandstone":1,"minecraft:spawner":59,"minecraft:large_fern":2,"minecraft:smooth_stone":2,"minecraft:iron_ore":5,"minecraft:nether_sprouts":1,"minecraft:cobbled_deepslate":1,"minecraft:fire":3,"minecraft:andesite":102,"minecraft:deepslate_lapis_ore":8,"minecraft:nether_brick_stairs":3,"minecraft:pointed_dripstone":1,"minecraft:bookshelf":34,"minecraft:vine":4,"minecraft:rail":1,"minecraft:oak_stairs":2,"minecraft:iron_bars":29,"minecraft:stripped_oak_log":2,"minecraft:blue_orchid":2,"minecraft:stone":89,"minecraft:white_wool":2,"minecraft:gray_concrete":1,"minecraft:red_bed":1,"minecraft:cyan_terracotta":3,"minecraft:kelp_plant":1,"minecraft:smoker":4,"minecraft:polished_granite":1,"minecraft:crafting_table":6,"minecraft:cornflower":4,"minecraft:torch":2,"minecraft:blast_furnace":3,"minecraft:emerald_ore":1,"minecraft:chest":1,"minecraft:white_stained_glass_pane":1,"minecraft:rose_bush":1,"minecraft:cobblestone":13,"minecraft:copper_ore":1,"minecraft:tall_grass":13,"minecraft:lapis_ore":7,"minecraft:oak_planks":2,"minecraft:sugar_cane":1,"minecraft:bricks":2,"minecraft:wall_torch":1,"botania:black_mystical_flower":1,"minecraft:iron_door":1,"minecraft:coarse_dirt":3,"minecraft:birch_log":7,"minecraft:blue_ice":4,"minecraft:birch_leaves":1,"minecraft:tnt":4,"minecraft:smooth_stone_slab":2,"minecraft:grass":24,"minecraft:oak_log":12,"minecraft:coal_ore":16,"minecraft:dirt":6,"minecraft:sand":1,"minecraft:gravel":7,"minecraft:crimson_planks":1,"minecraft:cobweb":17,"minecraft:cracked_stone_bricks":3,"minecraft:polished_andesite":5,"minecraft:netherrack":1,"minecraft:deepslate":29,"minecraft:fern":2},"minecraft:dropped":{"minecraft:water_bucket":1,"minecraft:iron_ingot":60,"minecraft:iron_sword":1,"minecraft:wheat_seeds":1,"minecraft:glow_ink_sac":2,"minecraft:mossy_cobblestone":1,"minecraft:iron_helmet":2,"minecraft:leather":1,"minecraft:cracked_stone_bricks":1,"artifacts:universal_attractor":1,"minecraft:chainmail_helmet":1,"minecraft:red_mushroom":2,"minecraft:diamond_horse_armor":1,"minecraft:cornflower":4,"minecraft:wooden_axe":1,"minecraft:iron_leggings":3,"minecraft:wooden_sword":1,"minecraft:iron_pickaxe":2,"minecraft:smooth_stone":2,"minecraft:chainmail_leggings":1,"minecraft:iron_shovel":1,"minecraft:string":6,"minecraft:white_wool":1,"minecraft:bone":7,"minecraft:gravel":2,"minecraft:coarse_dirt":3,"minecraft:smooth_stone_slab":2,"artifacts:aqua_dashers":1,"minecraft:wheat":2,"minecraft:rotten_flesh":11,"minecraft:iron_boots":2,"botania:manasteel_ingot":4,"botania:black_mushroom":1,"minecraft:leather_chestplate":1,"minecraft:shield":3,"minecraft:diamond_chestplate":1,"minecraft:iron_chestplate":4,"artifacts:steadfast_spikes":1,"minecraft:chest":1,"minecraft:slime_ball":7,"minecraft:iron_bars":2,"minecraft:blue_orchid":3,"minecraft:beef":38,"minecraft:stone_pickaxe":1,"minecraft:wooden_pickaxe":1},"minecraft:broken":{"minecraft:diamond_helmet":1,"minecraft:iron_boots":2},"minecraft:killed_by":{"minecraft:player":7,"minecraft:stray":1,"minecraft:enderman":1,"minecraft:skeleton":1,"minecraft:phantom":2},"minecraft:killed":{"minecraft:evoker":1,"minecraft:vex":3,"minecraft:cave_spider":22,"minecraft:witch":1,"minecraft:vindicator":12,"minecraft:spider":47,"creeperoverhaul:dripstone_creeper":1,"minecraft:skeleton":39,"artifacts:mimic":6,"minecraft:pig":10,"minecraft:zombie_villager":1,"creeperoverhaul:spruce_creeper":1,"minecraft:pillager":8,"minecraft:zombie":68,"minecraft:stray":8,"minecraft:wither_skeleton":18,"minecraft:cow":48},"minecraft:crafted":{"minecraft:oak_planks":28,"minecraft:furnace":1,"minecraft:iron_boots":4,"minecraft:iron_axe":1,"minecraft:stone_pickaxe":1,"minecraft:chest":1,"minecraft:smoker":1,"minecraft:cooked_beef":18,"blue_skies:blue_journal":2,"minecraft:emerald":2,"sophisticatedbackpacks:backpack":1,"minecraft:crafting_table":4,"minecraft:iron_helmet":1,"minecraft:wooden_pickaxe":1,"minecraft:bucket":2,"minecraft:birch_planks":28,"minecraft:stone_axe":1,"minecraft:air":0,"minecraft:iron_chestplate":2,"minecraft:shield":2,"minecraft:stick":16,"minecraft:iron_pickaxe":1,"minecraft:iron_ingot":1,"minecraft:wooden_axe":1,"minecraft:iron_leggings":1,"minecraft:torch":16},"minecraft:custom":{"minecraft:mob_kills":314,"minecraft:interact_with_crafting_table":23,"minecraft:open_barrel":21,"minecraft:leave_game":2,"minecraft:time_since_death":7319,"minecraft:climb_one_cm":23734,"minecraft:sprint_one_cm":776119,"minecraft:walk_one_cm":514574,"minecraft:damage_blocked_by_shield":2290,"minecraft:drop":60,"minecraft:damage_dealt_absorbed":41,"minecraft:talked_to_villager":18,"minecraft:play_time":226504,"minecraft:deaths":13,"minecraft:sneak_time":6553,"minecraft:walk_under_water_one_cm":65196,"minecraft:boat_one_cm":23049,"minecraft:jump":5893,"minecraft:interact_with_blast_furnace":1,"minecraft:walk_on_water_one_cm":114994,"minecraft:total_world_time":226504,"minecraft:interact_with_furnace":1,"minecraft:traded_with_villager":4,"minecraft:sleep_in_bed":3,"minecraft:time_since_rest":7343,"minecraft:damage_taken":14637,"minecraft:damage_absorbed":120,"minecraft:damage_dealt":55646,"minecraft:swim_one_cm":189159,"minecraft:fly_one_cm":1289803,"minecraft:player_kills":3,"minecraft:open_chest":143,"minecraft:crouch_one_cm":15866,"minecraft:interact_with_smoker":12,"minecraft:fall_one_cm":217048,"minecraft:inspect_dispenser":1},"minecraft:used":{"minecraft:shield":38,"minecraft:iron_chestplate":1,"minecraft:torch":30,"minecraft:wooden_axe":5,"minecraft:lava_bucket":9,"minecraft:iron_axe":200,"minecraft:iron_helmet":1,"minecraft:iron_boots":2,"minecraft:totem_of_undying":1,"minecraft:beef":2,"minecraft:cooked_beef":38,"minecraft:cobbled_deepslate":22,"minecraft:water_bucket":69,"minecraft:polished_andesite":2,"minecraft:stone_pickaxe":46,"minecraft:baked_potato":20,"minecraft:oak_planks":4,"minecraft:ender_pearl":3,"minecraft:wooden_pickaxe":3,"minecraft:golden_apple":3,"minecraft:crafting_table":9,"minecraft:smoker":4,"minecraft:diamond_pickaxe":53,"minecraft:bread":37,"minecraft:iron_pickaxe":357,"minecraft:gravel":4,"minecraft:stone_axe":69,"minecraft:diamond_sword":767,"minecraft:cobblestone":48,"minecraft:cooked_porkchop":12,"minecraft:andesite":66,"minecraft:bucket":80}},"DataVersion":2975}