{"stats":{"minecraft:picked_up":{"minecraft:birch_log":7,"minecraft:crafting_table":3,"minecraft:iron_chestplate":1,"minecraft:coarse_dirt":2,"minecraft:leather_chestplate":1,"minecraft:cooked_beef":2,"minecraft:andesite":63,"minecraft:leather":26,"minecraft:smoker":4,"minecraft:potato":2,"minecraft:diamond_horse_armor":1,"minecraft:oak_log":11,"minecraft:cornflower":4,"minecraft:dirt":1,"minecraft:string":7,"minecraft:polished_granite":1,"minecraft:wooden_sword":1,"minecraft:smooth_stone_slab":2,"minecraft:blue_orchid":2,"minecraft:apple":4,"minecraft:cracked_stone_bricks":1,"minecraft:wheat_seeds":1,"minecraft:smooth_stone":2,"minecraft:cobbled_deepslate":7,"minecraft:iron_ingot":3,"minecraft:beef":103,"minecraft:sugar_cane":2,"minecraft:chest":1,"minecraft:iron_sword":1,"minecraft:raw_iron":5,"artifacts:vampiric_glove":1,"minecraft:torch":1,"botania:black_mushroom":1,"minecraft:gravel":2,"minecraft:blast_furnace":3,"minecraft:spider_eye":1,"minecraft:mossy_cobblestone":2,"artifacts:snorkel":1,"minecraft:polished_andesite":2,"minecraft:rotten_flesh":24,"minecraft:slime_ball":7,"minecraft:iron_helmet":2,"minecraft:cyan_terracotta":1,"minecraft:gold_ingot":7,"minecraft:bread":2,"minecraft:bricks":2,"minecraft:iron_bars":2,"minecraft:coal":68,"minecraft:cobblestone":85},"minecraft:mined":{"minecraft:cyan_terracotta":1,"minecraft:mossy_cobblestone":2,"minecraft:smoker":4,"minecraft:polished_granite":1,"minecraft:cornflower":4,"minecraft:crafting_table":3,"botania:black_mushroom":1,"minecraft:blast_furnace":3,"minecraft:grass_block":1,"minecraft:chest":1,"minecraft:rose_bush":1,"minecraft:tall_grass":3,"minecraft:copper_ore":1,"minecraft:cobblestone":5,"minecraft:spruce_leaves":1,"minecraft:sugar_cane":1,"minecraft:bricks":2,"minecraft:sandstone":1,"minecraft:spawner":9,"minecraft:smooth_stone":2,"minecraft:coarse_dirt":3,"minecraft:nether_sprouts":1,"minecraft:birch_log":7,"minecraft:iron_ore":5,"minecraft:fire":2,"minecraft:cobbled_deepslate":1,"minecraft:birch_leaves":1,"minecraft:andesite":98,"minecraft:smooth_stone_slab":2,"minecraft:grass":10,"minecraft:coal_ore":16,"minecraft:oak_log":11,"minecraft:iron_bars":5,"minecraft:gravel":2,"minecraft:cracked_stone_bricks":2,"minecraft:stone":83,"minecraft:blue_orchid":2,"minecraft:polished_andesite":4,"minecraft:netherrack":1,"minecraft:fern":1},"minecraft:dropped":{"minecraft:gravel":2,"minecraft:iron_sword":1,"minecraft:wheat_seeds":1,"minecraft:coarse_dirt":2,"minecraft:smooth_stone_slab":2,"minecraft:rotten_flesh":10,"minecraft:cracked_stone_bricks":1,"minecraft:chainmail_helmet":1,"botania:black_mushroom":1,"minecraft:diamond_horse_armor":1,"minecraft:cornflower":4,"minecraft:iron_chestplate":1,"minecraft:wooden_axe":1,"minecraft:chest":1,"minecraft:wooden_sword":1,"minecraft:slime_ball":7,"minecraft:iron_bars":2,"minecraft:blue_orchid":3,"minecraft:stone_pickaxe":1,"minecraft:wooden_pickaxe":1,"minecraft:smooth_stone":2,"minecraft:iron_shovel":1,"minecraft:chainmail_leggings":1,"minecraft:string":3},"minecraft:killed_by":{"minecraft:player":2,"minecraft:skeleton":1,"minecraft:phantom":2,"minecraft:enderman":1},"minecraft:killed":{"creeperoverhaul:spruce_creeper":1,"minecraft:spider":8,"minecraft:skeleton":7,"minecraft:zombie":18,"artifacts:mimic":2,"minecraft:cow":26},"minecraft:crafted":{"minecraft:cooked_beef":18,"minecraft:oak_planks":28,"minecraft:crafting_table":1,"minecraft:wooden_pickaxe":1,"minecraft:furnace":1,"minecraft:bucket":1,"minecraft:stone_axe":1,"minecraft:air":0,"minecraft:iron_boots":1,"minecraft:shield":1,"minecraft:iron_axe":1,"minecraft:stick":16,"minecraft:iron_ingot":1,"minecraft:stone_pickaxe":1,"minecraft:wooden_axe":1,"minecraft:iron_leggings":1,"minecraft:torch":16,"minecraft:smoker":1},"minecraft:custom":{"minecraft:interact_with_furnace":1,"minecraft:mob_kills":62,"minecraft:interact_with_crafting_table":10,"minecraft:open_barrel":6,"minecraft:leave_game":2,"minecraft:time_since_death":7879,"minecraft:sleep_in_bed":1,"minecraft:climb_one_cm":1042,"minecraft:time_since_rest":7906,"minecraft:sprint_one_cm":294706,"minecraft:damage_taken":3636,"minecraft:walk_one_cm":170929,"minecraft:damage_blocked_by_shield":915,"minecraft:drop":24,"minecraft:damage_dealt":11347,"minecraft:talked_to_villager":1,"minecraft:player_kills":3,"minecraft:swim_one_cm":33122,"minecraft:fly_one_cm":721614,"minecraft:open_chest":27,"minecraft:play_time":76504,"minecraft:crouch_one_cm":8924,"minecraft:deaths":6,"minecraft:sneak_time":3138,"minecraft:walk_under_water_one_cm":9293,"minecraft:jump":2949,"minecraft:interact_with_blast_furnace":1,"minecraft:walk_on_water_one_cm":19587,"minecraft:total_world_time":76504,"minecraft:interact_with_smoker":12,"minecraft:fall_one_cm":113050},"minecraft:used":{"minecraft:oak_planks":4,"minecraft:stone_pickaxe":46,"minecraft:polished_andesite":2,"minecraft:baked_potato":8,"minecraft:wooden_pickaxe":3,"minecraft:shield":22,"minecraft:torch":1,"minecraft:crafting_table":4,"minecraft:smoker":4,"minecraft:wooden_axe":5,"minecraft:iron_axe":102,"minecraft:iron_pickaxe":217,"minecraft:stone_axe":69,"minecraft:cobblestone":27,"minecraft:beef":2,"minecraft:cooked_beef":22,"minecraft:cobbled_deepslate":1}},"DataVersion":2975}