{"stats":{"minecraft:picked_up":{"minecraft:coarse_dirt":2,"minecraft:iron_chestplate":1,"minecraft:crafting_table":4,"minecraft:diamond_horse_armor":1,"minecraft:shield":2,"minecraft:cornflower":4,"minecraft:string":7,"minecraft:wooden_sword":1,"minecraft:smooth_stone_slab":2,"minecraft:blue_orchid":2,"minecraft:cracked_stone_bricks":2,"minecraft:cobbled_deepslate":21,"minecraft:smooth_stone":2,"minecraft:beef":103,"minecraft:iron_pickaxe":1,"minecraft:chest":1,"minecraft:sugar_cane":2,"minecraft:raw_iron":5,"minecraft:torch":2,"botania:black_mushroom":1,"artifacts:vampiric_glove":1,"artifacts:snorkel":1,"minecraft:arrow":3,"minecraft:rotten_flesh":29,"artifacts:cross_necklace":1,"minecraft:cyan_terracotta":1,"minecraft:gold_ingot":7,"minecraft:iron_bars":5,"minecraft:cobblestone":85,"minecraft:birch_log":7,"minecraft:leather_chestplate":2,"minecraft:cooked_beef":2,"minecraft:andesite":65,"minecraft:leather":26,"minecraft:smoker":4,"minecraft:potato":2,"minecraft:oak_log":11,"minecraft:lapis_lazuli":67,"minecraft:dirt":1,"minecraft:polished_granite":1,"minecraft:bone":2,"minecraft:apple":4,"minecraft:wheat_seeds":1,"botania:gray_mushroom":1,"minecraft:iron_ingot":3,"minecraft:iron_sword":1,"minecraft:book":6,"minecraft:gravel":6,"minecraft:blast_furnace":3,"minecraft:mossy_cobblestone":3,"minecraft:spider_eye":1,"minecraft:polished_andesite":2,"minecraft:slime_ball":7,"minecraft:diamond":1,"minecraft:iron_helmet":2,"minecraft:bread":2,"minecraft:coal":68,"minecraft:bricks":2,"minecraft:diamond_pickaxe":1},"minecraft:mined":{"minecraft:mossy_cobblestone":3,"minecraft:deepslate_diamond_ore":1,"botania:black_mushroom":1,"minecraft:grass_block":1,"minecraft:spruce_leaves":1,"minecraft:sandstone":1,"minecraft:spawner":17,"minecraft:smooth_stone":2,"minecraft:iron_ore":5,"minecraft:nether_sprouts":1,"minecraft:cobbled_deepslate":1,"minecraft:fire":3,"minecraft:andesite":101,"minecraft:deepslate_lapis_ore":6,"minecraft:bookshelf":2,"minecraft:vine":1,"minecraft:iron_bars":9,"minecraft:blue_orchid":2,"minecraft:stone":83,"minecraft:cyan_terracotta":1,"minecraft:smoker":4,"minecraft:polished_granite":1,"minecraft:crafting_table":4,"minecraft:cornflower":4,"minecraft:torch":1,"minecraft:blast_furnace":3,"minecraft:chest":1,"minecraft:rose_bush":1,"minecraft:cobblestone":5,"minecraft:copper_ore":1,"minecraft:tall_grass":3,"minecraft:lapis_ore":3,"minecraft:sugar_cane":1,"minecraft:bricks":2,"minecraft:coarse_dirt":3,"minecraft:birch_log":7,"minecraft:birch_leaves":1,"minecraft:smooth_stone_slab":2,"minecraft:grass":10,"minecraft:oak_log":11,"minecraft:coal_ore":16,"minecraft:gravel":6,"minecraft:cracked_stone_bricks":2,"minecraft:polished_andesite":4,"minecraft:netherrack":1,"minecraft:deepslate":16,"minecraft:fern":1},"minecraft:dropped":{"minecraft:iron_sword":1,"minecraft:wheat_seeds":1,"minecraft:mossy_cobblestone":1,"minecraft:iron_helmet":1,"minecraft:cracked_stone_bricks":1,"minecraft:chainmail_helmet":1,"minecraft:diamond_horse_armor":1,"minecraft:cornflower":4,"minecraft:wooden_axe":1,"minecraft:iron_leggings":1,"minecraft:wooden_sword":1,"minecraft:iron_pickaxe":2,"minecraft:smooth_stone":2,"minecraft:chainmail_leggings":1,"minecraft:iron_shovel":1,"minecraft:string":3,"minecraft:gravel":2,"minecraft:coarse_dirt":2,"minecraft:smooth_stone_slab":2,"minecraft:rotten_flesh":10,"botania:black_mushroom":1,"minecraft:leather_chestplate":1,"minecraft:shield":2,"minecraft:iron_chestplate":3,"minecraft:chest":1,"minecraft:slime_ball":7,"minecraft:iron_bars":2,"minecraft:blue_orchid":3,"minecraft:stone_pickaxe":1,"minecraft:wooden_pickaxe":1},"minecraft:killed_by":{"minecraft:player":2,"minecraft:enderman":1,"minecraft:skeleton":1,"minecraft:phantom":2},"minecraft:killed":{"minecraft:spider":9,"minecraft:skeleton":7,"artifacts:mimic":3,"minecraft:zombie_villager":1,"creeperoverhaul:spruce_creeper":1,"minecraft:zombie":37,"minecraft:stray":1,"minecraft:cow":26},"minecraft:crafted":{"minecraft:oak_planks":28,"minecraft:furnace":1,"minecraft:iron_boots":1,"minecraft:iron_axe":1,"minecraft:stone_pickaxe":1,"minecraft:chest":1,"minecraft:smoker":1,"minecraft:cooked_beef":18,"sophisticatedbackpacks:backpack":1,"minecraft:crafting_table":2,"minecraft:wooden_pickaxe":1,"minecraft:bucket":1,"minecraft:birch_planks":28,"minecraft:stone_axe":1,"minecraft:air":0,"minecraft:shield":2,"minecraft:stick":16,"minecraft:iron_pickaxe":1,"minecraft:iron_ingot":1,"minecraft:wooden_axe":1,"minecraft:iron_leggings":1,"minecraft:torch":16},"minecraft:custom":{"minecraft:mob_kills":88,"minecraft:interact_with_crafting_table":14,"minecraft:open_barrel":6,"minecraft:leave_game":2,"minecraft:time_since_death":31879,"minecraft:climb_one_cm":2452,"minecraft:sprint_one_cm":340405,"minecraft:walk_one_cm":229762,"minecraft:damage_blocked_by_shield":2015,"minecraft:drop":34,"minecraft:talked_to_villager":1,"minecraft:play_time":100504,"minecraft:deaths":6,"minecraft:sneak_time":3931,"minecraft:walk_under_water_one_cm":13432,"minecraft:jump":3459,"minecraft:interact_with_blast_furnace":1,"minecraft:walk_on_water_one_cm":36593,"minecraft:total_world_time":100504,"minecraft:interact_with_furnace":1,"minecraft:sleep_in_bed":1,"minecraft:time_since_rest":31906,"minecraft:damage_taken":4397,"minecraft:damage_absorbed":40,"minecraft:damage_dealt":16218,"minecraft:swim_one_cm":40941,"minecraft:fly_one_cm":778644,"minecraft:player_kills":3,"minecraft:open_chest":45,"minecraft:crouch_one_cm":10927,"minecraft:interact_with_smoker":12,"minecraft:fall_one_cm":128794},"minecraft:used":{"minecraft:shield":31,"minecraft:torch":2,"minecraft:wooden_axe":5,"minecraft:lava_bucket":9,"minecraft:iron_axe":152,"minecraft:beef":2,"minecraft:cooked_beef":22,"minecraft:cobbled_deepslate":15,"minecraft:water_bucket":5,"minecraft:polished_andesite":2,"minecraft:stone_pickaxe":46,"minecraft:baked_potato":8,"minecraft:oak_planks":4,"minecraft:wooden_pickaxe":3,"minecraft:golden_apple":1,"minecraft:crafting_table":5,"minecraft:smoker":4,"minecraft:bread":6,"minecraft:iron_pickaxe":264,"minecraft:stone_axe":69,"minecraft:diamond_sword":40,"minecraft:cobblestone":48,"minecraft:andesite":66,"minecraft:bucket":15}},"DataVersion":2975}