{"stats":{"minecraft:picked_up":{"minecraft:iron_chestplate":1,"minecraft:chainmail_boots":2,"minecraft:anvil":6,"minecraft:prismarine_shard":2,"minecraft:diamond_sword":2,"minecraft:oak_stairs":1,"minecraft:enchanted_book":1,"minecraft:nether_brick":17,"minecraft:stone_brick_stairs":1,"minecraft:crimson_planks":7,"minecraft:brewing_stand":4,"minecraft:string":196,"minecraft:smooth_stone_slab":4,"minecraft:red_nether_bricks":4,"minecraft:iron_leggings":2,"minecraft:purple_banner":1,"minecraft:zombie_head":1,"minecraft:oak_sign":1,"minecraft:deepslate_tiles":1,"alexsmobs:blood_sac":1,"minecraft:diamond_leggings":2,"minecraft:gold_nugget":14,"minecraft:cobbled_deepslate":56,"minecraft:spruce_planks":18,"artifacts:aqua_dashers":1,"minecraft:rose_bush":1,"minecraft:iron_boots":1,"minecraft:furnace":3,"minecraft:tipped_arrow":1,"minecraft:golden_helmet":1,"minecraft:stick":11,"artifacts:universal_attractor":1,"minecraft:torch":16,"minecraft:spruce_stairs":2,"minecraft:pointed_dripstone":10,"minecraft:diorite":81,"minecraft:golden_chestplate":2,"stalwart_dungeons:soul_magma_bricks":3,"minecraft:stone_sword":1,"minecraft:rotten_flesh":111,"minecraft:cyan_terracotta":2,"minecraft:blaze_rod":52,"minecraft:obsidian":6,"minecraft:iron_bars":25,"minecraft:cobblestone":229,"minecraft:birch_log":32,"minecraft:enchanting_table":3,"minecraft:feather":1,"minecraft:cooked_beef":19,"minecraft:iron_door":1,"minecraft:water_bucket":1,"minecraft:andesite":7,"minecraft:potato":2,"alexsmobs:bison_fur":4,"minecraft:flint":2,"minecraft:tuff":1,"minecraft:wither_skeleton_skull":1,"minecraft:lapis_lazuli":76,"minecraft:dirt":8,"minecraft:lantern":1,"minecraft:leather_boots":1,"stalwart_dungeons:blaze_armor_scrap":24,"minecraft:bone":72,"minecraft:bow":2,"minecraft:wheat_seeds":13,"minecraft:mossy_stone_bricks":6,"minecraft:diamond_helmet":2,"minecraft:glowstone_dust":39,"minecraft:prismarine":1,"minecraft:oak_planks":12,"minecraft:mossy_stone_brick_stairs":3,"minecraft:black_terracotta":2,"minecraft:cooked_porkchop":3,"minecraft:sand":6,"minecraft:jungle_planks":1,"minecraft:stripped_spruce_log":4,"minecraft:nether_brick_stairs":6,"minecraft:ink_sac":3,"minecraft:mossy_cobblestone":14,"minecraft:dark_prismarine":1,"minecraft:polished_andesite":9,"stalwart_dungeons:spore_vaporizer":1,"minecraft:diamond":5,"minecraft:cracked_polished_blackstone_bricks":1,"minecraft:granite":2,"minecraft:spruce_button":1,"minecraft:emerald":12,"minecraft:oak_sapling":1,"minecraft:netherrack":59,"minecraft:diamond_pickaxe":1,"minecraft:crafting_table":6,"minecraft:nether_wart":61,"minecraft:brown_mushroom":51,"minecraft:wooden_pickaxe":1,"minecraft:gold_block":1,"stalwart_dungeons:soul_bricks":84,"minecraft:iron_shovel":1,"minecraft:blackstone":1,"minecraft:cracked_stone_bricks":8,"minecraft:dark_prismarine_stairs":1,"minecraft:beef":2,"minecraft:oak_boat":1,"minecraft:cyan_wool":2,"minecraft:lectern":2,"minecraft:chest":1,"minecraft:phantom_membrane":3,"minecraft:egg":1,"minecraft:raw_iron":121,"minecraft:bowl":2,"minecraft:fire_charge":3,"minecraft:carrot":506,"minecraft:redstone":2,"minecraft:purple_terracotta":1,"minecraft:dark_oak_planks":1,"minecraft:tnt":4,"minecraft:arrow":58,"minecraft:weeping_vines":4,"minecraft:diamond_chestplate":1,"minecraft:cooked_cod":3,"stalwart_dungeons:raw_tungsten":80,"minecraft:jungle_stairs":1,"minecraft:nether_bricks":13,"minecraft:hay_block":49,"minecraft:gold_ingot":40,"minecraft:totem_of_undying":1,"minecraft:white_wool":11,"minecraft:wet_sponge":1,"minecraft:stripped_oak_log":1,"minecraft:basalt":1,"minecraft:tripwire_hook":2,"minecraft:crimson_stem":24,"minecraft:leather":11,"stalwart_dungeons:tungsten_hammer":2,"minecraft:red_mushroom":56,"minecraft:birch_planks":12,"minecraft:mushroom_stew":3,"minecraft:oak_log":17,"minecraft:nether_wart_block":1,"minecraft:gunpowder":3,"minecraft:cobblestone_stairs":1,"minecraft:apple":4,"minecraft:stone_bricks":6,"minecraft:kelp":13,"minecraft:iron_ingot":36,"minecraft:stone_pickaxe":3,"minecraft:stripped_oak_wood":3,"minecraft:soul_sand":24,"minecraft:book":180,"stalwart_dungeons:transient_block_close":2,"minecraft:polished_andesite_stairs":5,"minecraft:dark_oak_slab":1,"minecraft:birch_boat":5,"minecraft:chiseled_stone_bricks":2,"minecraft:quartz":2,"minecraft:cracked_nether_bricks":2,"minecraft:spruce_sapling":12,"minecraft:white_bed":1,"minecraft:spruce_log":13,"minecraft:spruce_door":1,"minecraft:spider_eye":64,"minecraft:leather_helmet":1,"minecraft:stone_axe":1,"minecraft:chainmail_leggings":2,"minecraft:iron_helmet":1,"minecraft:mossy_cobblestone_stairs":1,"minecraft:baked_potato":1,"minecraft:damaged_anvil":3,"minecraft:coal":61},"minecraft:mined":{"minecraft:dark_oak_planks":2,"minecraft:dark_prismarine_stairs":1,"minecraft:spruce_planks":2,"stalwart_dungeons:spore_vaporizer":2,"minecraft:white_bed":1,"minecraft:stone_pressure_plate":1,"minecraft:farmland":1,"minecraft:black_terracotta":2,"minecraft:cobblestone_stairs":1,"minecraft:red_nether_bricks":8,"minecraft:brewing_stand":4,"minecraft:obsidian":6,"minecraft:grass_block":2,"minecraft:cracked_polished_blackstone_bricks":1,"minecraft:oak_pressure_plate":1,"minecraft:oak_wall_sign":1,"minecraft:nether_wart":24,"minecraft:chiseled_stone_bricks":3,"minecraft:spawner":115,"minecraft:weeping_vines_plant":5,"minecraft:tall_seagrass":4,"minecraft:glowstone":13,"minecraft:mossy_cobblestone_stairs":1,"minecraft:iron_ore":65,"minecraft:fire":3,"minecraft:anvil":6,"minecraft:deepslate_lapis_ore":4,"minecraft:nether_brick_stairs":8,"minecraft:enchanting_table":2,"minecraft:pointed_dripstone":3,"stalwart_dungeons:soul_magma_bricks":2,"minecraft:iron_bars":26,"minecraft:brown_mushroom":18,"minecraft:quartz_block":31,"minecraft:cyan_terracotta":6,"minecraft:blackstone":1,"minecraft:kelp_plant":1,"minecraft:soul_fire":6,"stalwart_dungeons:transient_block_close":3,"stalwart_dungeons:soul_tiles":3,"minecraft:jungle_stairs":1,"minecraft:polished_andesite_stairs":7,"minecraft:chest":1,"minecraft:white_stained_glass_pane":2,"minecraft:dead_bush":2,"minecraft:mushroom_stem":36,"minecraft:cobblestone":47,"minecraft:damaged_anvil":3,"minecraft:oak_planks":2,"minecraft:prismarine":1,"minecraft:iron_door":1,"minecraft:wall_torch":4,"minecraft:seagrass":1,"minecraft:cyan_wool":2,"minecraft:dark_oak_slab":1,"minecraft:nether_wart_block":1,"minecraft:birch_log":33,"minecraft:wheat":1,"minecraft:stripped_oak_wood":3,"minecraft:smooth_stone_slab":7,"minecraft:stone_brick_stairs":2,"minecraft:grass":68,"minecraft:oak_log":17,"minecraft:sand":9,"minecraft:dirt":5,"minecraft:crimson_planks":3,"minecraft:tripwire_hook":1,"minecraft:red_mushroom_block":60,"minecraft:netherrack":65,"minecraft:deepslate":100,"minecraft:oak_leaves":6,"minecraft:dark_prismarine":1,"minecraft:deepslate_tiles":30,"minecraft:tuff":1,"stalwart_dungeons:soul_bricks":91,"minecraft:mossy_cobblestone":28,"minecraft:deepslate_diamond_ore":5,"minecraft:gray_stained_glass_pane":2,"minecraft:glow_lichen":2,"minecraft:nether_bricks":23,"minecraft:purple_terracotta":1,"minecraft:jungle_planks":2,"minecraft:redstone_wire":1,"minecraft:brown_mushroom_block":49,"minecraft:spruce_leaves":32,"minecraft:kelp":2,"minecraft:red_mushroom":15,"minecraft:cracked_nether_bricks":2,"minecraft:crimson_stem":27,"minecraft:large_fern":4,"minecraft:hay_block":37,"minecraft:furnace":3,"minecraft:carrots":167,"minecraft:andesite":70,"minecraft:stripped_spruce_log":4,"minecraft:gold_block":1,"minecraft:mossy_stone_brick_stairs":7,"minecraft:bookshelf":61,"minecraft:deepslate_iron_ore":22,"minecraft:vine":9,"minecraft:stone":189,"minecraft:white_wool":23,"minecraft:chiseled_nether_bricks":1,"minecraft:soul_sand":6,"minecraft:basalt":3,"minecraft:spruce_door":1,"minecraft:crafting_table":6,"minecraft:emerald_ore":2,"minecraft:lectern":2,"minecraft:tall_grass":34,"minecraft:deepslate_gold_ore":1,"minecraft:diorite":72,"stalwart_dungeons:tungsten_ore":51,"minecraft:spruce_stairs":2,"minecraft:birch_planks":8,"minecraft:coarse_dirt":1,"minecraft:ice":1,"minecraft:spruce_log":13,"minecraft:birch_leaves":9,"minecraft:coal_ore":42,"minecraft:gravel":8,"minecraft:cobweb":77,"minecraft:cracked_stone_bricks":8,"minecraft:polished_andesite":8,"minecraft:stone_bricks":9,"minecraft:mossy_stone_bricks":8,"minecraft:fern":1},"minecraft:dropped":{"minecraft:nether_brick_stairs":6,"stalwart_dungeons:spore_vaporizer":1,"minecraft:soul_sand":24,"minecraft:birch_planks":8,"minecraft:lapis_lazuli":2,"minecraft:cooked_beef":4,"minecraft:baked_potato":1,"minecraft:diamond":4,"minecraft:weeping_vines":4,"minecraft:leather":1,"minecraft:jungle_planks":1,"minecraft:cracked_stone_bricks":2,"artifacts:universal_attractor":1,"alexsmobs:bison_fur":4,"minecraft:leather_helmet":1,"sophisticatedbackpacks:gold_backpack":1,"minecraft:cracked_polished_blackstone_bricks":1,"minecraft:cooked_cod":3,"minecraft:gold_nugget":5,"minecraft:sand":6,"minecraft:iron_pickaxe":1,"minecraft:gold_ingot":40,"minecraft:bone":12,"minecraft:compass":1,"minecraft:blackstone":1,"minecraft:golden_chestplate":2,"alexsmobs:animal_dictionary":1,"minecraft:cobbled_deepslate":24,"minecraft:nether_brick":17,"stalwart_dungeons:tungsten_hammer":2,"minecraft:black_terracotta":1,"minecraft:rotten_flesh":90,"minecraft:oak_planks":5,"minecraft:carrot":1,"minecraft:chiseled_stone_bricks":2,"alexsmobs:blood_sac":1,"minecraft:tipped_arrow":1,"minecraft:gunpowder":1,"minecraft:chainmail_boots":2,"stalwart_dungeons:transient_block_close":2,"minecraft:red_nether_bricks":4,"minecraft:basalt":1,"minecraft:iron_bars":3,"minecraft:arrow":4,"minecraft:cracked_nether_bricks":2,"minecraft:stone_brick_stairs":1,"minecraft:quartz":2,"minecraft:netherrack":5,"minecraft:lectern":2,"minecraft:crimson_planks":3,"minecraft:enchanted_book":1,"minecraft:water_bucket":1,"minecraft:iron_ingot":5,"minecraft:bread":3,"minecraft:wheat_seeds":13,"minecraft:golden_helmet":1,"minecraft:mossy_cobblestone":3,"minecraft:diamond_leggings":3,"minecraft:prismarine_shard":2,"minecraft:iron_helmet":3,"minecraft:feather":1,"minecraft:cobblestone":3,"minecraft:apple":1,"minecraft:spruce_button":1,"minecraft:coal":7,"minecraft:mushroom_stew":3,"minecraft:stick":1,"minecraft:polished_andesite":2,"stalwart_dungeons:soul_bricks":6,"minecraft:diorite":31,"minecraft:ink_sac":3,"minecraft:nether_wart_block":1,"minecraft:rose_bush":1,"minecraft:diamond_helmet":2,"minecraft:iron_leggings":3,"minecraft:chainmail_leggings":1,"minecraft:iron_shovel":1,"minecraft:string":10,"minecraft:tripwire_hook":1,"minecraft:spruce_sapling":8,"minecraft:kelp":13,"minecraft:dark_prismarine_stairs":1,"minecraft:nether_wart":5,"minecraft:smooth_stone_slab":1,"minecraft:bowl":2,"minecraft:iron_boots":3,"minecraft:stripped_oak_log":1,"minecraft:nether_bricks":13,"minecraft:oak_sign":1,"minecraft:shears":1,"minecraft:flint_and_steel":2,"minecraft:filled_map":4,"minecraft:diamond_sword":1,"minecraft:potato":5,"minecraft:hay_block":12,"minecraft:shield":1,"minecraft:diamond_chestplate":1,"minecraft:spruce_planks":10,"minecraft:iron_chestplate":2,"minecraft:diamond_pickaxe":1,"minecraft:andesite":3,"minecraft:mossy_stone_bricks":6,"minecraft:oak_boat":1,"easy_villagers:villager":1,"minecraft:spider_eye":4,"minecraft:stone_bricks":2,"minecraft:diamond_boots":1,"minecraft:bow":2,"minecraft:stone_pickaxe":3,"minecraft:dark_prismarine":1},"minecraft:broken":{"minecraft:stone_axe":1,"minecraft:stone_sword":1},"minecraft:killed_by":{"minecraft:zombie":2,"stalwart_dungeons:reinforced_blaze":2,"minecraft:player":6,"stalwart_dungeons:giddy_blaze":1,"minecraft:skeleton":2,"minecraft:phantom":2},"minecraft:killed":{"guardvillagers:guard":1,"minecraft:cave_spider":21,"minecraft:zombified_piglin":2,"minecraft:spider":28,"creeperoverhaul:dripstone_creeper":1,"minecraft:skeleton":31,"minecraft:silverfish":20,"minecraft:elder_guardian":1,"stalwart_dungeons:giddy_blaze":9,"minecraft:creeper":2,"alexsmobs:crimson_mosquito":1,"minecraft:pillager":9,"minecraft:zombie":136,"stalwart_dungeons:incomplete_wither":3,"minecraft:stray":11,"minecraft:cow":3,"minecraft:blaze":1,"minecraft:evoker":1,"minecraft:vindicator":4,"minecraft:phantom":1,"stalwart_dungeons:nether_wart_cocoon":17,"minecraft:drowned":2,"goblintraders:goblin_trader":1,"stalwart_dungeons:reinforced_blaze":24,"minecraft:hoglin":1,"minecraft:wither_skeleton":5},"minecraft:crafted":{"minecraft:smooth_stone":1,"minecraft:oak_planks":56,"minecraft:birch_boat":1,"minecraft:stone":1,"stalwart_dungeons:tungsten_helmet":1,"minecraft:heavy_weighted_pressure_plate":1,"minecraft:spruce_pressure_plate":1,"minecraft:bow":1,"minecraft:diamond_leggings":1,"minecraft:iron_boots":1,"minecraft:chest":1,"minecraft:raw_iron_block":9,"stalwart_dungeons:tungsten_hammer":1,"sophisticatedbackpacks:backpack":1,"minecraft:emerald":9,"minecraft:crafting_table":21,"minecraft:spruce_planks":40,"minecraft:wooden_pickaxe":1,"minecraft:gold_block":26,"minecraft:birch_planks":112,"minecraft:iron_chestplate":1,"minecraft:diamond_pickaxe":1,"minecraft:shield":1,"naturescompass:naturescompass":1,"minecraft:stick":156,"minecraft:iron_ingot":63,"minecraft:compass":2,"minecraft:iron_pickaxe":1,"minecraft:iron_block":23,"minecraft:stone_sword":2,"minecraft:gold_ingot":318,"minecraft:shears":1,"minecraft:golden_carrot":337,"stalwart_dungeons:tungsten_leggings":1,"minecraft:spruce_button":1,"minecraft:furnace":1,"minecraft:mushroom_stew":48,"minecraft:bone_meal":333,"minecraft:flint_and_steel":2,"minecraft:stone_pickaxe":1,"minecraft:diamond_boots":1,"stalwart_dungeons:tungsten_boots":1,"minecraft:spruce_boat":1,"minecraft:wheat":333,"sophisticatedbackpacks:iron_backpack":1,"stalwart_dungeons:tungsten_ingot":15,"minecraft:crimson_planks":96,"minecraft:bowl":8,"sophisticatedbackpacks:gold_backpack":1,"minecraft:bucket":1,"minecraft:stone_axe":2,"minecraft:air":0,"minecraft:bread":111,"minecraft:oak_boat":2,"minecraft:white_wool":5,"minecraft:golden_apple":2,"minecraft:gold_nugget":3345,"minecraft:anvil":2,"minecraft:white_bed":1,"minecraft:torch":444,"minecraft:lapis_lazuli":54,"minecraft:lapis_block":9},"minecraft:custom":{"minecraft:animals_bred":1,"minecraft:interact_with_crafting_table":54,"minecraft:open_barrel":34,"goblintraders:trade_with_goblin":24,"minecraft:leave_game":7,"minecraft:time_since_death":18802,"minecraft:damage_resisted":52,"minecraft:sprint_one_cm":1486595,"minecraft:damage_blocked_by_shield":2800,"minecraft:drop":211,"minecraft:talked_to_villager":23,"minecraft:play_time":416320,"minecraft:deaths":16,"minecraft:jump":6529,"minecraft:walk_on_water_one_cm":123294,"minecraft:enchant_item":2,"minecraft:interact_with_furnace":30,"minecraft:sleep_in_bed":2,"minecraft:damage_dealt":66066,"minecraft:player_kills":15,"minecraft:crouch_one_cm":74989,"minecraft:interact_with_smoker":1,"minecraft:inspect_dispenser":1,"minecraft:interact_with_anvil":14,"minecraft:mob_kills":359,"minecraft:damage_dealt_resisted":1068,"minecraft:climb_one_cm":6559,"minecraft:walk_one_cm":578324,"minecraft:damage_dealt_absorbed":23,"minecraft:sneak_time":31319,"minecraft:walk_under_water_one_cm":109025,"minecraft:boat_one_cm":495527,"minecraft:interact_with_blast_furnace":2,"minecraft:total_world_time":416320,"minecraft:time_since_rest":18846,"minecraft:damage_absorbed":762,"minecraft:damage_taken":19081,"minecraft:trigger_trapped_chest":1,"minecraft:swim_one_cm":431737,"minecraft:fly_one_cm":1635183,"minecraft:open_chest":295,"minecraft:fall_one_cm":296802},"minecraft:used":{"minecraft:chest":1,"minecraft:shield":37,"minecraft:carrot":168,"minecraft:obsidian":14,"stalwart_dungeons:tungsten_hammer":79,"minecraft:spruce_boat":1,"minecraft:lava_bucket":2,"minecraft:lantern":1,"minecraft:stone_bricks":2,"minecraft:bow":25,"minecraft:oak_sapling":1,"minecraft:furnace":3,"minecraft:egg":1,"minecraft:damaged_anvil":1,"minecraft:diorite":50,"minecraft:diamond_boots":1,"minecraft:oak_planks":31,"minecraft:stone_pickaxe":24,"minecraft:prismarine":1,"minecraft:ender_pearl":1,"minecraft:wooden_pickaxe":3,"minecraft:diamond_axe":158,"minecraft:golden_apple":22,"stalwart_dungeons:soul_bricks":39,"minecraft:mushroom_stew":45,"easy_villagers:villager":1,"minecraft:zombie_head":1,"minecraft:string":3,"minecraft:heavy_weighted_pressure_plate":1,"minecraft:bread":120,"minecraft:fire_charge":3,"minecraft:diamond_sword":827,"minecraft:stripped_oak_wood":1,"minecraft:oak_boat":2,"minecraft:bone_meal":333,"minecraft:experience_bottle":2,"minecraft:iron_bars":6,"minecraft:stone_sword":182,"minecraft:enchanting_table":3,"minecraft:flint_and_steel":6,"minecraft:spruce_planks":6,"minecraft:netherrack":33,"minecraft:torch":499,"minecraft:brewing_stand":1,"minecraft:anvil":7,"minecraft:diamond_helmet":3,"minecraft:granite":2,"minecraft:iron_axe":10,"minecraft:spruce_button":1,"minecraft:iron_boots":1,"minecraft:crimson_planks":76,"minecraft:totem_of_undying":1,"minecraft:diamond_chestplate":3,"minecraft:golden_carrot":15,"minecraft:cooked_beef":36,"minecraft:cobbled_deepslate":25,"minecraft:water_bucket":262,"minecraft:birch_planks":32,"minecraft:polished_andesite":6,"minecraft:birch_boat":6,"minecraft:cracked_stone_bricks":2,"minecraft:tnt":17,"minecraft:crafting_table":27,"minecraft:white_bed":2,"stalwart_dungeons:tungsten_leggings":1,"minecraft:diamond_pickaxe":1188,"minecraft:apple":14,"minecraft:diamond_shovel":9,"minecraft:iron_pickaxe":21,"minecraft:map":1,"minecraft:stone_axe":178,"minecraft:cobblestone":191,"minecraft:cooked_porkchop":3,"minecraft:lapis_block":3,"minecraft:bucket":265,"alexsmobs:animal_dictionary":1,"minecraft:diamond_leggings":1,"minecraft:splash_potion":1}},"DataVersion":2975}