{"stats":{"minecraft:picked_up":{"minecraft:crafting_table":6,"minecraft:anvil":4,"minecraft:diamond_sword":1,"minecraft:brown_mushroom":51,"minecraft:wooden_pickaxe":1,"minecraft:gold_block":1,"minecraft:stone_brick_stairs":1,"minecraft:brewing_stand":4,"minecraft:string":139,"minecraft:smooth_stone_slab":4,"minecraft:zombie_head":1,"minecraft:cracked_stone_bricks":3,"minecraft:cobbled_deepslate":13,"minecraft:beef":2,"minecraft:rose_bush":1,"minecraft:cyan_wool":2,"minecraft:lectern":2,"minecraft:phantom_membrane":3,"minecraft:iron_boots":1,"minecraft:furnace":3,"minecraft:stick":9,"minecraft:raw_iron":105,"minecraft:torch":14,"minecraft:bowl":2,"minecraft:diorite":53,"minecraft:carrot":2,"minecraft:stone_sword":1,"minecraft:rotten_flesh":79,"minecraft:arrow":17,"minecraft:diamond_chestplate":1,"minecraft:hay_block":49,"minecraft:cyan_terracotta":2,"minecraft:obsidian":4,"minecraft:iron_bars":16,"minecraft:white_wool":11,"minecraft:cobblestone":118,"minecraft:birch_log":27,"minecraft:cooked_beef":19,"minecraft:water_bucket":1,"minecraft:andesite":4,"minecraft:leather":10,"minecraft:red_mushroom":56,"minecraft:potato":1,"minecraft:birch_planks":8,"minecraft:mushroom_stew":3,"minecraft:tuff":1,"minecraft:oak_log":12,"minecraft:gunpowder":2,"minecraft:cobblestone_stairs":1,"minecraft:lapis_lazuli":24,"minecraft:dirt":2,"minecraft:lantern":1,"minecraft:bone":32,"minecraft:apple":4,"minecraft:stone_bricks":4,"minecraft:bow":1,"minecraft:wheat_seeds":6,"minecraft:iron_ingot":36,"minecraft:stone_pickaxe":3,"minecraft:mossy_stone_bricks":1,"minecraft:diamond_helmet":1,"minecraft:oak_planks":9,"minecraft:book":144,"minecraft:polished_andesite_stairs":5,"minecraft:birch_boat":1,"minecraft:chiseled_stone_bricks":1,"minecraft:white_bed":1,"minecraft:mossy_cobblestone":13,"minecraft:spider_eye":41,"minecraft:leather_helmet":1,"minecraft:polished_andesite":6,"minecraft:diamond":5,"minecraft:stone_axe":1,"minecraft:iron_helmet":1,"minecraft:mossy_cobblestone_stairs":1,"minecraft:damaged_anvil":1,"minecraft:coal":54},"minecraft:mined":{"minecraft:deepslate_tiles":27,"minecraft:tuff":1,"minecraft:white_bed":1,"minecraft:mossy_cobblestone":24,"minecraft:deepslate_diamond_ore":5,"minecraft:cobblestone_stairs":1,"minecraft:brewing_stand":4,"minecraft:obsidian":4,"minecraft:glow_lichen":2,"minecraft:nether_bricks":3,"minecraft:grass_block":1,"minecraft:jungle_planks":1,"minecraft:brown_mushroom_block":49,"minecraft:red_mushroom":15,"minecraft:chiseled_stone_bricks":2,"minecraft:spawner":79,"minecraft:large_fern":2,"minecraft:hay_block":37,"minecraft:tall_seagrass":1,"minecraft:furnace":3,"minecraft:mossy_cobblestone_stairs":1,"minecraft:iron_ore":56,"minecraft:andesite":67,"minecraft:anvil":4,"minecraft:deepslate_lapis_ore":4,"minecraft:gold_block":1,"minecraft:mossy_stone_brick_stairs":2,"minecraft:bookshelf":48,"minecraft:deepslate_iron_ore":22,"minecraft:vine":1,"minecraft:iron_bars":18,"minecraft:stone":86,"minecraft:white_wool":23,"minecraft:brown_mushroom":18,"minecraft:quartz_block":15,"minecraft:cyan_terracotta":6,"minecraft:crafting_table":6,"minecraft:polished_andesite_stairs":7,"minecraft:dead_bush":2,"minecraft:lectern":2,"minecraft:mushroom_stem":36,"minecraft:tall_grass":6,"minecraft:cobblestone":40,"minecraft:deepslate_gold_ore":1,"minecraft:damaged_anvil":1,"minecraft:diorite":56,"minecraft:wall_torch":4,"minecraft:cyan_wool":2,"minecraft:birch_planks":8,"minecraft:coarse_dirt":1,"minecraft:birch_log":28,"minecraft:ice":1,"minecraft:birch_leaves":9,"minecraft:stone_brick_stairs":2,"minecraft:smooth_stone_slab":7,"minecraft:grass":18,"minecraft:oak_log":12,"minecraft:coal_ore":42,"minecraft:gravel":7,"minecraft:dirt":1,"minecraft:cobweb":69,"minecraft:cracked_stone_bricks":3,"minecraft:red_mushroom_block":60,"minecraft:polished_andesite":6,"minecraft:stone_bricks":7,"minecraft:mossy_stone_bricks":2,"minecraft:oak_leaves":6,"minecraft:deepslate":47,"minecraft:fern":1},"minecraft:dropped":{"minecraft:water_bucket":1,"minecraft:iron_ingot":5,"minecraft:wheat_seeds":6,"minecraft:cooked_beef":4,"minecraft:mossy_cobblestone":2,"minecraft:iron_helmet":3,"minecraft:cobblestone":3,"minecraft:apple":1,"minecraft:cracked_stone_bricks":1,"minecraft:leather_helmet":1,"minecraft:stick":1,"minecraft:mushroom_stew":3,"minecraft:polished_andesite":1,"minecraft:rose_bush":1,"minecraft:iron_leggings":1,"minecraft:iron_pickaxe":1,"minecraft:string":1,"minecraft:bone":11,"alexsmobs:animal_dictionary":1,"minecraft:smooth_stone_slab":1,"minecraft:bowl":2,"minecraft:rotten_flesh":61,"minecraft:oak_planks":4,"minecraft:iron_boots":3,"minecraft:shears":1,"minecraft:carrot":1,"minecraft:chiseled_stone_bricks":1,"minecraft:filled_map":1,"minecraft:diamond_sword":1,"minecraft:hay_block":12,"minecraft:diamond_chestplate":1,"minecraft:iron_chestplate":1,"minecraft:mossy_stone_bricks":1,"minecraft:stone_bricks":2,"minecraft:spider_eye":4,"minecraft:bow":1,"minecraft:arrow":4,"minecraft:stone_pickaxe":3,"minecraft:stone_brick_stairs":1},"minecraft:broken":{"minecraft:stone_sword":1,"minecraft:stone_axe":1},"minecraft:killed_by":{"minecraft:player":5,"minecraft:skeleton":2,"minecraft:phantom":1,"minecraft:zombie":2},"minecraft:killed":{"guardvillagers:guard":1,"minecraft:cave_spider":13,"minecraft:spider":19,"minecraft:phantom":1,"creeperoverhaul:dripstone_creeper":1,"minecraft:skeleton":19,"minecraft:silverfish":2,"goblintraders:goblin_trader":1,"minecraft:creeper":1,"minecraft:zombie":121,"minecraft:stray":8,"minecraft:wither_skeleton":3,"minecraft:cow":3},"minecraft:crafted":{"minecraft:oak_planks":48,"minecraft:birch_boat":1,"minecraft:furnace":1,"minecraft:mushroom_stew":48,"minecraft:bow":1,"minecraft:iron_boots":1,"minecraft:stone_pickaxe":1,"minecraft:chest":1,"minecraft:diamond_boots":1,"sophisticatedbackpacks:iron_backpack":1,"sophisticatedbackpacks:backpack":1,"minecraft:crafting_table":13,"minecraft:wooden_pickaxe":1,"minecraft:bowl":8,"sophisticatedbackpacks:gold_backpack":1,"minecraft:bucket":1,"minecraft:birch_planks":108,"minecraft:stone_axe":2,"minecraft:air":0,"minecraft:oak_boat":1,"minecraft:white_wool":5,"minecraft:iron_chestplate":1,"minecraft:diamond_pickaxe":1,"minecraft:golden_apple":2,"minecraft:shield":1,"minecraft:stick":104,"minecraft:iron_pickaxe":1,"minecraft:iron_ingot":63,"minecraft:iron_block":6,"minecraft:stone_sword":2,"minecraft:anvil":2,"minecraft:white_bed":1,"minecraft:torch":332,"minecraft:shears":1},"minecraft:custom":{"minecraft:interact_with_anvil":8,"minecraft:mob_kills":204,"minecraft:interact_with_crafting_table":25,"minecraft:open_barrel":3,"goblintraders:trade_with_goblin":24,"minecraft:damage_dealt_resisted":744,"minecraft:leave_game":3,"minecraft:time_since_death":5844,"minecraft:climb_one_cm":2234,"minecraft:sprint_one_cm":824985,"minecraft:walk_one_cm":279844,"minecraft:damage_blocked_by_shield":2170,"minecraft:drop":63,"minecraft:talked_to_villager":2,"minecraft:play_time":171449,"minecraft:sneak_time":19199,"minecraft:deaths":10,"minecraft:walk_under_water_one_cm":13686,"minecraft:boat_one_cm":47340,"minecraft:jump":2674,"minecraft:walk_on_water_one_cm":48238,"minecraft:total_world_time":171449,"minecraft:interact_with_furnace":15,"minecraft:sleep_in_bed":1,"minecraft:time_since_rest":5869,"minecraft:damage_absorbed":210,"minecraft:damage_taken":7776,"minecraft:damage_dealt":35156,"minecraft:player_kills":4,"minecraft:swim_one_cm":38227,"minecraft:fly_one_cm":514165,"minecraft:open_chest":167,"minecraft:crouch_one_cm":48580,"minecraft:fall_one_cm":90234},"minecraft:used":{"minecraft:stone_sword":182,"minecraft:iron_bars":6,"minecraft:shield":21,"minecraft:torch":336,"minecraft:brewing_stand":1,"minecraft:anvil":5,"minecraft:diamond_helmet":2,"minecraft:lantern":1,"minecraft:iron_axe":10,"minecraft:iron_boots":1,"minecraft:stone_bricks":2,"minecraft:diamond_chestplate":2,"minecraft:furnace":3,"minecraft:cooked_beef":25,"minecraft:cobbled_deepslate":6,"minecraft:water_bucket":38,"minecraft:diorite":21,"minecraft:diamond_boots":1,"minecraft:birch_planks":32,"minecraft:stone_pickaxe":24,"minecraft:oak_planks":31,"minecraft:wooden_pickaxe":3,"minecraft:birch_boat":1,"minecraft:diamond_axe":68,"minecraft:cracked_stone_bricks":2,"minecraft:golden_apple":7,"minecraft:crafting_table":18,"minecraft:mushroom_stew":45,"minecraft:white_bed":1,"minecraft:diamond_pickaxe":623,"easy_villagers:villager":1,"minecraft:apple":14,"minecraft:string":3,"minecraft:zombie_head":1,"minecraft:bread":5,"minecraft:iron_pickaxe":21,"minecraft:map":1,"minecraft:stone_axe":178,"minecraft:diamond_sword":466,"minecraft:cobblestone":87,"minecraft:bucket":39,"minecraft:oak_boat":1,"alexsmobs:animal_dictionary":1,"minecraft:experience_bottle":2}},"DataVersion":2975}