{"stats":{"minecraft:picked_up":{"minecraft:iron_chestplate":1,"minecraft:prismarine_shard":2,"minecraft:chainmail_boots":2,"minecraft:anvil":5,"minecraft:diamond_sword":1,"minecraft:oak_stairs":1,"minecraft:enchanted_book":1,"minecraft:stone_brick_stairs":1,"minecraft:crimson_planks":3,"minecraft:brewing_stand":4,"minecraft:string":196,"minecraft:smooth_stone_slab":4,"minecraft:iron_leggings":2,"minecraft:purple_banner":1,"minecraft:zombie_head":1,"minecraft:oak_sign":1,"minecraft:deepslate_tiles":1,"minecraft:diamond_leggings":1,"minecraft:cobbled_deepslate":56,"minecraft:spruce_planks":18,"artifacts:aqua_dashers":1,"minecraft:rose_bush":1,"minecraft:furnace":3,"minecraft:iron_boots":1,"minecraft:tipped_arrow":1,"minecraft:golden_helmet":1,"minecraft:stick":11,"artifacts:universal_attractor":1,"minecraft:torch":16,"minecraft:spruce_stairs":2,"minecraft:pointed_dripstone":10,"minecraft:diorite":81,"minecraft:golden_chestplate":2,"minecraft:stone_sword":1,"minecraft:rotten_flesh":105,"minecraft:cyan_terracotta":2,"minecraft:obsidian":4,"minecraft:iron_bars":25,"minecraft:cobblestone":214,"minecraft:birch_log":32,"minecraft:enchanting_table":1,"minecraft:cooked_beef":19,"minecraft:water_bucket":1,"minecraft:iron_door":1,"minecraft:andesite":7,"minecraft:potato":1,"minecraft:flint":1,"minecraft:tuff":1,"minecraft:lapis_lazuli":24,"minecraft:dirt":4,"minecraft:lantern":1,"minecraft:leather_boots":1,"minecraft:bone":69,"minecraft:bow":2,"minecraft:wheat_seeds":6,"minecraft:diamond_helmet":1,"minecraft:mossy_stone_bricks":6,"minecraft:prismarine":1,"minecraft:oak_planks":11,"minecraft:mossy_stone_brick_stairs":3,"minecraft:black_terracotta":1,"minecraft:jungle_planks":1,"minecraft:sand":6,"minecraft:nether_brick_stairs":6,"minecraft:ink_sac":3,"minecraft:mossy_cobblestone":14,"minecraft:dark_prismarine":1,"minecraft:polished_andesite":7,"minecraft:diamond":5,"minecraft:spruce_button":1,"minecraft:emerald":12,"minecraft:crafting_table":6,"minecraft:brown_mushroom":51,"minecraft:wooden_pickaxe":1,"minecraft:gold_block":1,"minecraft:iron_shovel":1,"minecraft:cracked_stone_bricks":6,"minecraft:dark_prismarine_stairs":1,"minecraft:beef":2,"minecraft:oak_boat":1,"minecraft:cyan_wool":2,"minecraft:lectern":2,"minecraft:phantom_membrane":3,"minecraft:raw_iron":121,"minecraft:bowl":2,"minecraft:carrot":2,"minecraft:purple_terracotta":1,"minecraft:dark_oak_planks":1,"minecraft:tnt":4,"minecraft:cooked_cod":3,"minecraft:arrow":58,"minecraft:diamond_chestplate":1,"minecraft:jungle_stairs":1,"minecraft:nether_bricks":3,"minecraft:hay_block":49,"minecraft:totem_of_undying":1,"minecraft:white_wool":11,"minecraft:wet_sponge":1,"minecraft:leather":10,"minecraft:red_mushroom":56,"minecraft:birch_planks":12,"minecraft:mushroom_stew":3,"minecraft:oak_log":17,"minecraft:gunpowder":2,"minecraft:cobblestone_stairs":1,"minecraft:apple":4,"minecraft:stone_bricks":6,"minecraft:kelp":13,"minecraft:iron_ingot":36,"minecraft:stone_pickaxe":3,"minecraft:book":144,"minecraft:polished_andesite_stairs":5,"minecraft:dark_oak_slab":1,"minecraft:birch_boat":5,"minecraft:chiseled_stone_bricks":2,"minecraft:spruce_sapling":12,"minecraft:white_bed":1,"minecraft:spruce_log":13,"minecraft:spruce_door":1,"minecraft:spider_eye":64,"minecraft:leather_helmet":1,"minecraft:stone_axe":1,"minecraft:chainmail_leggings":2,"minecraft:iron_helmet":1,"minecraft:mossy_cobblestone_stairs":1,"minecraft:baked_potato":1,"minecraft:damaged_anvil":2,"minecraft:coal":54},"minecraft:mined":{"minecraft:dark_oak_planks":2,"minecraft:dark_prismarine_stairs":1,"minecraft:stone_pressure_plate":1,"minecraft:spruce_planks":2,"minecraft:white_bed":1,"minecraft:black_terracotta":1,"minecraft:cobblestone_stairs":1,"minecraft:brewing_stand":4,"minecraft:obsidian":4,"minecraft:grass_block":1,"minecraft:oak_pressure_plate":1,"minecraft:oak_wall_sign":1,"minecraft:chiseled_stone_bricks":3,"minecraft:spawner":114,"minecraft:tall_seagrass":4,"minecraft:mossy_cobblestone_stairs":1,"minecraft:iron_ore":65,"minecraft:deepslate_lapis_ore":4,"minecraft:anvil":5,"minecraft:nether_brick_stairs":8,"minecraft:enchanting_table":1,"minecraft:pointed_dripstone":3,"minecraft:iron_bars":26,"minecraft:brown_mushroom":18,"minecraft:quartz_block":31,"minecraft:cyan_terracotta":6,"minecraft:kelp_plant":1,"minecraft:jungle_stairs":1,"minecraft:polished_andesite_stairs":7,"minecraft:dead_bush":2,"minecraft:mushroom_stem":36,"minecraft:cobblestone":40,"minecraft:prismarine":1,"minecraft:oak_planks":2,"minecraft:damaged_anvil":2,"minecraft:iron_door":1,"minecraft:wall_torch":4,"minecraft:seagrass":1,"minecraft:cyan_wool":2,"minecraft:dark_oak_slab":1,"minecraft:birch_log":33,"minecraft:stone_brick_stairs":2,"minecraft:smooth_stone_slab":7,"minecraft:grass":22,"minecraft:oak_log":17,"minecraft:sand":9,"minecraft:dirt":3,"minecraft:crimson_planks":3,"minecraft:red_mushroom_block":60,"minecraft:oak_leaves":6,"minecraft:deepslate":100,"minecraft:deepslate_tiles":30,"minecraft:dark_prismarine":1,"minecraft:tuff":1,"minecraft:mossy_cobblestone":27,"minecraft:deepslate_diamond_ore":5,"minecraft:glow_lichen":2,"minecraft:nether_bricks":6,"minecraft:purple_terracotta":1,"minecraft:jungle_planks":2,"minecraft:brown_mushroom_block":49,"minecraft:spruce_leaves":32,"minecraft:red_mushroom":15,"minecraft:kelp":2,"minecraft:large_fern":4,"minecraft:hay_block":37,"minecraft:furnace":3,"minecraft:andesite":70,"minecraft:gold_block":1,"minecraft:mossy_stone_brick_stairs":7,"minecraft:bookshelf":48,"minecraft:deepslate_iron_ore":22,"minecraft:vine":9,"minecraft:stone":183,"minecraft:white_wool":23,"minecraft:spruce_door":1,"minecraft:crafting_table":6,"minecraft:emerald_ore":2,"minecraft:lectern":2,"minecraft:tall_grass":7,"minecraft:deepslate_gold_ore":1,"minecraft:diorite":72,"minecraft:spruce_stairs":2,"minecraft:birch_planks":8,"minecraft:coarse_dirt":1,"minecraft:ice":1,"minecraft:spruce_log":13,"minecraft:birch_leaves":9,"minecraft:coal_ore":42,"minecraft:gravel":7,"minecraft:cobweb":77,"minecraft:cracked_stone_bricks":6,"minecraft:polished_andesite":7,"minecraft:stone_bricks":9,"minecraft:mossy_stone_bricks":8,"minecraft:fern":1},"minecraft:dropped":{"minecraft:nether_brick_stairs":6,"minecraft:birch_planks":8,"minecraft:lapis_lazuli":2,"minecraft:cooked_beef":4,"minecraft:baked_potato":1,"minecraft:jungle_planks":1,"minecraft:cracked_stone_bricks":1,"artifacts:universal_attractor":1,"minecraft:leather_helmet":1,"minecraft:cooked_cod":3,"minecraft:sand":6,"minecraft:iron_pickaxe":1,"minecraft:bone":12,"minecraft:compass":1,"minecraft:golden_chestplate":2,"alexsmobs:animal_dictionary":1,"minecraft:cobbled_deepslate":24,"minecraft:rotten_flesh":84,"minecraft:oak_planks":4,"minecraft:carrot":1,"minecraft:chiseled_stone_bricks":2,"minecraft:tipped_arrow":1,"minecraft:chainmail_boots":2,"minecraft:iron_bars":3,"minecraft:arrow":4,"minecraft:stone_brick_stairs":1,"minecraft:lectern":2,"minecraft:enchanted_book":1,"minecraft:water_bucket":1,"minecraft:iron_ingot":5,"minecraft:wheat_seeds":6,"minecraft:golden_helmet":1,"minecraft:mossy_cobblestone":3,"minecraft:diamond_leggings":1,"minecraft:prismarine_shard":2,"minecraft:iron_helmet":3,"minecraft:cobblestone":3,"minecraft:apple":1,"minecraft:spruce_button":1,"minecraft:mushroom_stew":3,"minecraft:stick":1,"minecraft:polished_andesite":1,"minecraft:diorite":31,"minecraft:ink_sac":3,"minecraft:rose_bush":1,"minecraft:iron_leggings":3,"minecraft:chainmail_leggings":1,"minecraft:string":10,"minecraft:spruce_sapling":8,"minecraft:kelp":13,"minecraft:dark_prismarine_stairs":1,"minecraft:smooth_stone_slab":1,"minecraft:bowl":2,"minecraft:iron_boots":3,"minecraft:nether_bricks":3,"minecraft:oak_sign":1,"minecraft:shears":1,"minecraft:flint_and_steel":2,"minecraft:filled_map":3,"minecraft:diamond_sword":1,"minecraft:hay_block":12,"minecraft:potato":4,"minecraft:diamond_chestplate":1,"minecraft:spruce_planks":4,"minecraft:iron_chestplate":2,"minecraft:andesite":3,"minecraft:mossy_stone_bricks":6,"easy_villagers:villager":1,"minecraft:spider_eye":4,"minecraft:stone_bricks":2,"minecraft:bow":2,"minecraft:stone_pickaxe":3,"minecraft:dark_prismarine":1},"minecraft:broken":{"minecraft:stone_axe":1,"minecraft:stone_sword":1},"minecraft:killed_by":{"minecraft:zombie":2,"minecraft:player":5,"minecraft:skeleton":2,"minecraft:phantom":2},"minecraft:killed":{"guardvillagers:guard":1,"minecraft:cave_spider":21,"minecraft:spider":28,"creeperoverhaul:dripstone_creeper":1,"minecraft:skeleton":30,"minecraft:silverfish":20,"minecraft:elder_guardian":1,"minecraft:creeper":1,"minecraft:pillager":9,"minecraft:zombie":135,"minecraft:stray":11,"minecraft:cow":3,"minecraft:evoker":1,"minecraft:vindicator":4,"minecraft:phantom":1,"minecraft:drowned":2,"goblintraders:goblin_trader":1,"minecraft:wither_skeleton":4},"minecraft:crafted":{"minecraft:oak_planks":48,"minecraft:birch_boat":1,"minecraft:heavy_weighted_pressure_plate":1,"minecraft:spruce_pressure_plate":1,"minecraft:diamond_leggings":1,"minecraft:bow":1,"minecraft:iron_boots":1,"minecraft:chest":1,"minecraft:raw_iron_block":9,"sophisticatedbackpacks:backpack":1,"minecraft:crafting_table":19,"minecraft:spruce_planks":24,"minecraft:wooden_pickaxe":1,"minecraft:gold_block":26,"minecraft:birch_planks":112,"minecraft:iron_chestplate":1,"minecraft:diamond_pickaxe":1,"minecraft:shield":1,"naturescompass:naturescompass":1,"minecraft:stick":148,"minecraft:iron_pickaxe":1,"minecraft:iron_ingot":63,"minecraft:compass":2,"minecraft:iron_block":23,"minecraft:stone_sword":2,"minecraft:gold_ingot":9,"minecraft:shears":1,"minecraft:spruce_button":1,"minecraft:furnace":1,"minecraft:mushroom_stew":48,"minecraft:flint_and_steel":1,"minecraft:stone_pickaxe":1,"minecraft:diamond_boots":1,"minecraft:spruce_boat":1,"minecraft:wheat":216,"sophisticatedbackpacks:iron_backpack":1,"minecraft:bowl":8,"sophisticatedbackpacks:gold_backpack":1,"minecraft:bucket":1,"minecraft:stone_axe":2,"minecraft:bread":72,"minecraft:air":0,"minecraft:oak_boat":2,"minecraft:white_wool":5,"minecraft:golden_apple":2,"minecraft:anvil":2,"minecraft:white_bed":1,"minecraft:torch":444,"minecraft:lapis_block":9},"minecraft:custom":{"minecraft:interact_with_crafting_table":35,"minecraft:open_barrel":30,"goblintraders:trade_with_goblin":24,"minecraft:leave_game":5,"minecraft:time_since_death":13922,"minecraft:sprint_one_cm":1126212,"minecraft:damage_blocked_by_shield":2800,"minecraft:drop":146,"minecraft:talked_to_villager":2,"minecraft:play_time":294466,"minecraft:deaths":11,"minecraft:jump":4227,"minecraft:walk_on_water_one_cm":103020,"minecraft:interact_with_furnace":15,"minecraft:sleep_in_bed":1,"minecraft:damage_dealt":51186,"minecraft:player_kills":6,"minecraft:crouch_one_cm":58066,"minecraft:inspect_dispenser":1,"minecraft:interact_with_anvil":10,"minecraft:mob_kills":293,"minecraft:damage_dealt_resisted":744,"minecraft:climb_one_cm":5018,"minecraft:walk_one_cm":398917,"minecraft:damage_dealt_absorbed":23,"minecraft:sneak_time":25479,"minecraft:walk_under_water_one_cm":103273,"minecraft:boat_one_cm":495527,"minecraft:total_world_time":294466,"minecraft:time_since_rest":13967,"minecraft:damage_absorbed":439,"minecraft:damage_taken":12101,"minecraft:swim_one_cm":424538,"minecraft:fly_one_cm":910641,"minecraft:open_chest":256,"minecraft:fall_one_cm":140785},"minecraft:used":{"minecraft:shield":37,"minecraft:spruce_boat":1,"minecraft:lava_bucket":2,"minecraft:lantern":1,"minecraft:stone_bricks":2,"minecraft:bow":12,"minecraft:furnace":3,"minecraft:damaged_anvil":1,"minecraft:diorite":50,"minecraft:diamond_boots":1,"minecraft:oak_planks":31,"minecraft:stone_pickaxe":24,"minecraft:prismarine":1,"minecraft:wooden_pickaxe":3,"minecraft:diamond_axe":109,"minecraft:golden_apple":13,"minecraft:mushroom_stew":45,"easy_villagers:villager":1,"minecraft:zombie_head":1,"minecraft:heavy_weighted_pressure_plate":1,"minecraft:bread":64,"minecraft:string":3,"minecraft:diamond_sword":676,"minecraft:oak_boat":2,"minecraft:experience_bottle":2,"minecraft:iron_bars":6,"minecraft:stone_sword":182,"minecraft:flint_and_steel":4,"minecraft:torch":479,"minecraft:brewing_stand":1,"minecraft:anvil":6,"minecraft:diamond_helmet":3,"minecraft:iron_axe":10,"minecraft:spruce_button":1,"minecraft:iron_boots":1,"minecraft:diamond_chestplate":2,"minecraft:cooked_beef":36,"minecraft:cobbled_deepslate":25,"minecraft:water_bucket":241,"minecraft:birch_planks":32,"minecraft:polished_andesite":6,"minecraft:birch_boat":6,"minecraft:cracked_stone_bricks":2,"minecraft:tnt":17,"minecraft:crafting_table":25,"minecraft:white_bed":1,"minecraft:diamond_pickaxe":917,"minecraft:apple":14,"minecraft:diamond_shovel":9,"minecraft:iron_pickaxe":21,"minecraft:map":1,"minecraft:stone_axe":178,"minecraft:cobblestone":151,"minecraft:bucket":243,"alexsmobs:animal_dictionary":1,"minecraft:diamond_leggings":1}},"DataVersion":2975}