{"stats":{"minecraft:picked_up":{"minecraft:anvil":4,"minecraft:prismarine_shard":2,"minecraft:diamond_sword":1,"minecraft:oak_stairs":1,"minecraft:stone_brick_stairs":1,"minecraft:brewing_stand":4,"minecraft:string":144,"minecraft:smooth_stone_slab":4,"minecraft:zombie_head":1,"minecraft:oak_sign":1,"minecraft:cobbled_deepslate":53,"minecraft:spruce_planks":18,"minecraft:rose_bush":1,"minecraft:furnace":3,"minecraft:iron_boots":1,"minecraft:stick":11,"artifacts:universal_attractor":1,"minecraft:torch":14,"minecraft:spruce_stairs":2,"minecraft:diorite":76,"minecraft:stone_sword":1,"minecraft:rotten_flesh":86,"minecraft:cyan_terracotta":2,"minecraft:obsidian":4,"minecraft:iron_bars":17,"minecraft:cobblestone":209,"minecraft:birch_log":32,"minecraft:enchanting_table":1,"minecraft:cooked_beef":19,"minecraft:water_bucket":1,"minecraft:andesite":4,"minecraft:potato":1,"minecraft:flint":1,"minecraft:tuff":1,"minecraft:lapis_lazuli":24,"minecraft:dirt":2,"minecraft:lantern":1,"minecraft:bone":53,"minecraft:bow":1,"minecraft:wheat_seeds":6,"minecraft:mossy_stone_bricks":1,"minecraft:diamond_helmet":1,"minecraft:prismarine":1,"minecraft:oak_planks":11,"minecraft:black_terracotta":1,"minecraft:sand":6,"minecraft:jungle_planks":1,"minecraft:ink_sac":3,"minecraft:mossy_cobblestone":13,"minecraft:dark_prismarine":1,"minecraft:polished_andesite":7,"minecraft:diamond":5,"minecraft:spruce_button":1,"minecraft:crafting_table":6,"minecraft:brown_mushroom":51,"minecraft:wooden_pickaxe":1,"minecraft:gold_block":1,"minecraft:cracked_stone_bricks":6,"minecraft:dark_prismarine_stairs":1,"minecraft:beef":2,"minecraft:cyan_wool":2,"minecraft:lectern":2,"minecraft:phantom_membrane":3,"minecraft:raw_iron":121,"minecraft:bowl":2,"minecraft:carrot":2,"minecraft:dark_oak_planks":1,"minecraft:tnt":4,"minecraft:arrow":40,"minecraft:diamond_chestplate":1,"minecraft:cooked_cod":3,"minecraft:hay_block":49,"minecraft:white_wool":11,"minecraft:wet_sponge":1,"minecraft:leather":10,"minecraft:red_mushroom":56,"minecraft:birch_planks":12,"minecraft:mushroom_stew":3,"minecraft:oak_log":17,"minecraft:gunpowder":2,"minecraft:cobblestone_stairs":1,"minecraft:apple":4,"minecraft:stone_bricks":6,"minecraft:kelp":13,"minecraft:iron_ingot":36,"minecraft:stone_pickaxe":3,"minecraft:book":144,"minecraft:polished_andesite_stairs":5,"minecraft:birch_boat":5,"minecraft:dark_oak_slab":1,"minecraft:chiseled_stone_bricks":1,"minecraft:spruce_sapling":12,"minecraft:white_bed":1,"minecraft:spruce_log":13,"minecraft:spider_eye":44,"minecraft:spruce_door":1,"minecraft:leather_helmet":1,"minecraft:stone_axe":1,"minecraft:iron_helmet":1,"minecraft:mossy_cobblestone_stairs":1,"minecraft:damaged_anvil":1,"minecraft:coal":54},"minecraft:mined":{"minecraft:dark_oak_planks":2,"minecraft:dark_prismarine_stairs":1,"minecraft:spruce_planks":2,"minecraft:white_bed":1,"minecraft:black_terracotta":1,"minecraft:cobblestone_stairs":1,"minecraft:brewing_stand":4,"minecraft:obsidian":4,"minecraft:grass_block":1,"minecraft:oak_pressure_plate":1,"minecraft:oak_wall_sign":1,"minecraft:chiseled_stone_bricks":2,"minecraft:spawner":89,"minecraft:tall_seagrass":3,"minecraft:mossy_cobblestone_stairs":1,"minecraft:iron_ore":65,"minecraft:deepslate_lapis_ore":4,"minecraft:anvil":4,"minecraft:enchanting_table":1,"minecraft:iron_bars":19,"minecraft:brown_mushroom":18,"minecraft:quartz_block":25,"minecraft:cyan_terracotta":6,"minecraft:kelp_plant":1,"minecraft:polished_andesite_stairs":7,"minecraft:dead_bush":2,"minecraft:mushroom_stem":36,"minecraft:cobblestone":40,"minecraft:oak_planks":2,"minecraft:prismarine":1,"minecraft:damaged_anvil":1,"minecraft:wall_torch":4,"minecraft:cyan_wool":2,"minecraft:dark_oak_slab":1,"minecraft:birch_log":33,"minecraft:smooth_stone_slab":7,"minecraft:stone_brick_stairs":2,"minecraft:grass":22,"minecraft:oak_log":17,"minecraft:sand":9,"minecraft:dirt":1,"minecraft:red_mushroom_block":60,"minecraft:oak_leaves":6,"minecraft:deepslate":91,"minecraft:deepslate_tiles":27,"minecraft:dark_prismarine":1,"minecraft:tuff":1,"minecraft:mossy_cobblestone":24,"minecraft:deepslate_diamond_ore":5,"minecraft:glow_lichen":2,"minecraft:nether_bricks":3,"minecraft:jungle_planks":2,"minecraft:brown_mushroom_block":49,"minecraft:spruce_leaves":32,"minecraft:red_mushroom":15,"minecraft:kelp":2,"minecraft:large_fern":4,"minecraft:hay_block":37,"minecraft:furnace":3,"minecraft:andesite":67,"minecraft:gold_block":1,"minecraft:mossy_stone_brick_stairs":2,"minecraft:bookshelf":48,"minecraft:vine":2,"minecraft:deepslate_iron_ore":22,"minecraft:stone":177,"minecraft:white_wool":23,"minecraft:spruce_door":1,"minecraft:crafting_table":6,"minecraft:lectern":2,"minecraft:tall_grass":7,"minecraft:deepslate_gold_ore":1,"minecraft:diorite":67,"minecraft:spruce_stairs":2,"minecraft:birch_planks":8,"minecraft:coarse_dirt":1,"minecraft:ice":1,"minecraft:spruce_log":13,"minecraft:birch_leaves":9,"minecraft:coal_ore":42,"minecraft:gravel":7,"minecraft:cobweb":69,"minecraft:cracked_stone_bricks":6,"minecraft:stone_bricks":9,"minecraft:polished_andesite":7,"minecraft:mossy_stone_bricks":2,"minecraft:fern":1},"minecraft:dropped":{"minecraft:birch_planks":8,"minecraft:cooked_beef":4,"minecraft:jungle_planks":1,"minecraft:cracked_stone_bricks":1,"artifacts:universal_attractor":1,"minecraft:leather_helmet":1,"minecraft:cooked_cod":3,"minecraft:sand":6,"minecraft:iron_pickaxe":1,"minecraft:bone":11,"alexsmobs:animal_dictionary":1,"minecraft:rotten_flesh":66,"minecraft:oak_planks":4,"minecraft:carrot":1,"minecraft:chiseled_stone_bricks":1,"minecraft:arrow":4,"minecraft:stone_brick_stairs":1,"minecraft:water_bucket":1,"minecraft:iron_ingot":5,"minecraft:wheat_seeds":6,"minecraft:mossy_cobblestone":2,"minecraft:prismarine_shard":2,"minecraft:iron_helmet":3,"minecraft:cobblestone":3,"minecraft:apple":1,"minecraft:spruce_button":1,"minecraft:mushroom_stew":3,"minecraft:polished_andesite":1,"minecraft:stick":1,"minecraft:diorite":26,"minecraft:ink_sac":3,"minecraft:rose_bush":1,"minecraft:iron_leggings":1,"minecraft:string":1,"minecraft:spruce_sapling":8,"minecraft:kelp":13,"minecraft:dark_prismarine_stairs":1,"minecraft:smooth_stone_slab":1,"minecraft:bowl":2,"minecraft:iron_boots":3,"minecraft:oak_sign":1,"minecraft:shears":1,"minecraft:flint_and_steel":2,"minecraft:filled_map":3,"minecraft:diamond_sword":1,"minecraft:hay_block":12,"minecraft:diamond_chestplate":1,"minecraft:spruce_planks":4,"minecraft:iron_chestplate":1,"minecraft:mossy_stone_bricks":1,"minecraft:spider_eye":4,"minecraft:stone_bricks":2,"minecraft:bow":1,"minecraft:stone_pickaxe":3,"minecraft:dark_prismarine":1},"minecraft:broken":{"minecraft:stone_axe":1,"minecraft:stone_sword":1},"minecraft:killed_by":{"minecraft:zombie":2,"minecraft:player":5,"minecraft:skeleton":2,"minecraft:phantom":1},"minecraft:killed":{"guardvillagers:guard":1,"minecraft:cave_spider":13,"minecraft:spider":20,"creeperoverhaul:dripstone_creeper":1,"minecraft:skeleton":24,"minecraft:silverfish":20,"minecraft:elder_guardian":1,"minecraft:creeper":1,"minecraft:zombie":125,"minecraft:stray":11,"minecraft:cow":3,"minecraft:phantom":1,"minecraft:drowned":2,"goblintraders:goblin_trader":1,"minecraft:wither_skeleton":3},"minecraft:crafted":{"minecraft:oak_planks":48,"minecraft:birch_boat":1,"minecraft:heavy_weighted_pressure_plate":1,"minecraft:spruce_pressure_plate":1,"minecraft:bow":1,"minecraft:iron_boots":1,"minecraft:chest":1,"sophisticatedbackpacks:backpack":1,"minecraft:crafting_table":15,"minecraft:wooden_pickaxe":1,"minecraft:birch_planks":112,"minecraft:iron_chestplate":1,"minecraft:diamond_pickaxe":1,"minecraft:shield":1,"naturescompass:naturescompass":1,"minecraft:stick":104,"minecraft:iron_ingot":63,"minecraft:iron_pickaxe":1,"minecraft:compass":2,"minecraft:iron_block":6,"minecraft:stone_sword":2,"minecraft:shears":1,"minecraft:spruce_button":1,"minecraft:furnace":1,"minecraft:mushroom_stew":48,"minecraft:flint_and_steel":1,"minecraft:stone_pickaxe":1,"minecraft:diamond_boots":1,"minecraft:spruce_boat":1,"sophisticatedbackpacks:iron_backpack":1,"minecraft:wheat":99,"minecraft:bowl":8,"sophisticatedbackpacks:gold_backpack":1,"minecraft:bucket":1,"minecraft:stone_axe":2,"minecraft:bread":33,"minecraft:air":0,"minecraft:oak_boat":1,"minecraft:white_wool":5,"minecraft:golden_apple":2,"minecraft:anvil":2,"minecraft:white_bed":1,"minecraft:torch":332},"minecraft:custom":{"minecraft:interact_with_crafting_table":31,"minecraft:open_barrel":15,"goblintraders:trade_with_goblin":24,"minecraft:leave_game":3,"minecraft:time_since_death":65844,"minecraft:sprint_one_cm":916808,"minecraft:damage_blocked_by_shield":2170,"minecraft:drop":106,"minecraft:talked_to_villager":2,"minecraft:play_time":231449,"minecraft:deaths":10,"minecraft:jump":3412,"minecraft:walk_on_water_one_cm":75659,"minecraft:interact_with_furnace":15,"minecraft:sleep_in_bed":1,"minecraft:damage_dealt":40281,"minecraft:player_kills":4,"minecraft:crouch_one_cm":54055,"minecraft:mob_kills":239,"minecraft:interact_with_anvil":8,"minecraft:damage_dealt_resisted":744,"minecraft:climb_one_cm":2616,"minecraft:walk_one_cm":322185,"minecraft:walk_under_water_one_cm":72158,"minecraft:sneak_time":23406,"minecraft:boat_one_cm":475154,"minecraft:total_world_time":231449,"minecraft:time_since_rest":65869,"minecraft:damage_taken":9615,"minecraft:damage_absorbed":250,"minecraft:swim_one_cm":343363,"minecraft:fly_one_cm":667418,"minecraft:open_chest":205,"minecraft:fall_one_cm":119419},"minecraft:used":{"minecraft:shield":21,"minecraft:spruce_boat":1,"minecraft:lantern":1,"minecraft:stone_bricks":2,"minecraft:bow":5,"minecraft:furnace":3,"minecraft:diorite":50,"minecraft:diamond_boots":1,"minecraft:stone_pickaxe":24,"minecraft:prismarine":1,"minecraft:oak_planks":31,"minecraft:wooden_pickaxe":3,"minecraft:diamond_axe":105,"minecraft:golden_apple":8,"minecraft:mushroom_stew":45,"easy_villagers:villager":1,"minecraft:zombie_head":1,"minecraft:heavy_weighted_pressure_plate":1,"minecraft:bread":33,"minecraft:string":3,"minecraft:diamond_sword":530,"minecraft:oak_boat":1,"minecraft:experience_bottle":2,"minecraft:iron_bars":6,"minecraft:stone_sword":182,"minecraft:flint_and_steel":4,"minecraft:torch":364,"minecraft:brewing_stand":1,"minecraft:anvil":5,"minecraft:diamond_helmet":2,"minecraft:iron_axe":10,"minecraft:spruce_button":1,"minecraft:iron_boots":1,"minecraft:diamond_chestplate":2,"minecraft:cooked_beef":30,"minecraft:cobbled_deepslate":25,"minecraft:water_bucket":238,"minecraft:birch_planks":32,"minecraft:polished_andesite":6,"minecraft:birch_boat":6,"minecraft:cracked_stone_bricks":2,"minecraft:tnt":17,"minecraft:crafting_table":21,"minecraft:white_bed":1,"minecraft:diamond_pickaxe":810,"minecraft:apple":14,"minecraft:diamond_shovel":9,"minecraft:iron_pickaxe":21,"minecraft:map":1,"minecraft:stone_axe":178,"minecraft:cobblestone":87,"minecraft:bucket":239,"alexsmobs:animal_dictionary":1}},"DataVersion":2975}