{"stats":{"minecraft:picked_up":{"minecraft:iron_chestplate":1,"minecraft:chainmail_boots":2,"minecraft:anvil":5,"minecraft:prismarine_shard":2,"minecraft:diamond_sword":1,"minecraft:oak_stairs":1,"minecraft:stone_brick_stairs":1,"minecraft:brewing_stand":4,"minecraft:string":170,"minecraft:smooth_stone_slab":4,"minecraft:iron_leggings":1,"minecraft:zombie_head":1,"minecraft:oak_sign":1,"minecraft:cobbled_deepslate":56,"minecraft:spruce_planks":18,"minecraft:rose_bush":1,"minecraft:furnace":3,"minecraft:iron_boots":1,"minecraft:golden_helmet":1,"minecraft:tipped_arrow":1,"minecraft:stick":11,"artifacts:universal_attractor":1,"minecraft:torch":15,"minecraft:spruce_stairs":2,"minecraft:diorite":81,"minecraft:golden_chestplate":2,"minecraft:stone_sword":1,"minecraft:rotten_flesh":93,"minecraft:cyan_terracotta":2,"minecraft:obsidian":4,"minecraft:iron_bars":23,"minecraft:cobblestone":214,"minecraft:birch_log":32,"minecraft:enchanting_table":1,"minecraft:cooked_beef":19,"minecraft:iron_door":1,"minecraft:water_bucket":1,"minecraft:andesite":7,"minecraft:potato":1,"minecraft:flint":1,"minecraft:tuff":1,"minecraft:lapis_lazuli":24,"minecraft:dirt":2,"minecraft:lantern":1,"minecraft:leather_boots":1,"minecraft:bone":68,"minecraft:bow":2,"minecraft:wheat_seeds":6,"minecraft:mossy_stone_bricks":6,"minecraft:diamond_helmet":1,"minecraft:prismarine":1,"minecraft:oak_planks":11,"minecraft:mossy_stone_brick_stairs":3,"minecraft:black_terracotta":1,"minecraft:sand":6,"minecraft:jungle_planks":1,"minecraft:nether_brick_stairs":4,"minecraft:ink_sac":3,"minecraft:mossy_cobblestone":14,"minecraft:dark_prismarine":1,"minecraft:polished_andesite":7,"minecraft:diamond":5,"minecraft:spruce_button":1,"minecraft:crafting_table":6,"minecraft:brown_mushroom":51,"minecraft:wooden_pickaxe":1,"minecraft:gold_block":1,"minecraft:cracked_stone_bricks":6,"minecraft:dark_prismarine_stairs":1,"minecraft:beef":2,"minecraft:cyan_wool":2,"minecraft:lectern":2,"minecraft:phantom_membrane":3,"minecraft:raw_iron":121,"minecraft:bowl":2,"minecraft:carrot":2,"minecraft:dark_oak_planks":1,"minecraft:tnt":4,"minecraft:arrow":54,"minecraft:diamond_chestplate":1,"minecraft:cooked_cod":3,"minecraft:nether_bricks":2,"minecraft:hay_block":49,"minecraft:white_wool":11,"minecraft:wet_sponge":1,"minecraft:leather":10,"minecraft:red_mushroom":56,"minecraft:birch_planks":12,"minecraft:mushroom_stew":3,"minecraft:oak_log":17,"minecraft:gunpowder":2,"minecraft:cobblestone_stairs":1,"minecraft:apple":4,"minecraft:stone_bricks":6,"minecraft:kelp":13,"minecraft:iron_ingot":36,"minecraft:stone_pickaxe":3,"minecraft:book":144,"minecraft:polished_andesite_stairs":5,"minecraft:birch_boat":5,"minecraft:dark_oak_slab":1,"minecraft:chiseled_stone_bricks":2,"minecraft:spruce_sapling":12,"minecraft:white_bed":1,"minecraft:spruce_log":13,"minecraft:spider_eye":59,"minecraft:spruce_door":1,"minecraft:leather_helmet":1,"minecraft:stone_axe":1,"minecraft:chainmail_leggings":2,"minecraft:iron_helmet":1,"minecraft:mossy_cobblestone_stairs":1,"minecraft:baked_potato":1,"minecraft:damaged_anvil":1,"minecraft:coal":54},"minecraft:mined":{"minecraft:dark_oak_planks":2,"minecraft:dark_prismarine_stairs":1,"minecraft:stone_pressure_plate":1,"minecraft:spruce_planks":2,"minecraft:white_bed":1,"minecraft:black_terracotta":1,"minecraft:cobblestone_stairs":1,"minecraft:brewing_stand":4,"minecraft:obsidian":4,"minecraft:grass_block":1,"minecraft:oak_pressure_plate":1,"minecraft:oak_wall_sign":1,"minecraft:chiseled_stone_bricks":3,"minecraft:spawner":102,"minecraft:tall_seagrass":3,"minecraft:mossy_cobblestone_stairs":1,"minecraft:iron_ore":65,"minecraft:deepslate_lapis_ore":4,"minecraft:anvil":5,"minecraft:nether_brick_stairs":4,"minecraft:enchanting_table":1,"minecraft:iron_bars":24,"minecraft:brown_mushroom":18,"minecraft:quartz_block":31,"minecraft:cyan_terracotta":6,"minecraft:kelp_plant":1,"minecraft:polished_andesite_stairs":7,"minecraft:dead_bush":2,"minecraft:mushroom_stem":36,"minecraft:cobblestone":40,"minecraft:oak_planks":2,"minecraft:prismarine":1,"minecraft:damaged_anvil":1,"minecraft:iron_door":1,"minecraft:wall_torch":4,"minecraft:cyan_wool":2,"minecraft:dark_oak_slab":1,"minecraft:birch_log":33,"minecraft:smooth_stone_slab":7,"minecraft:stone_brick_stairs":2,"minecraft:grass":22,"minecraft:oak_log":17,"minecraft:sand":9,"minecraft:dirt":1,"minecraft:red_mushroom_block":60,"minecraft:oak_leaves":6,"minecraft:deepslate":94,"minecraft:deepslate_tiles":27,"minecraft:dark_prismarine":1,"minecraft:tuff":1,"minecraft:mossy_cobblestone":27,"minecraft:deepslate_diamond_ore":5,"minecraft:glow_lichen":2,"minecraft:nether_bricks":5,"minecraft:jungle_planks":2,"minecraft:brown_mushroom_block":49,"minecraft:spruce_leaves":32,"minecraft:red_mushroom":15,"minecraft:kelp":2,"minecraft:large_fern":4,"minecraft:hay_block":37,"minecraft:furnace":3,"minecraft:andesite":70,"minecraft:gold_block":1,"minecraft:mossy_stone_brick_stairs":7,"minecraft:bookshelf":48,"minecraft:vine":9,"minecraft:deepslate_iron_ore":22,"minecraft:stone":183,"minecraft:white_wool":23,"minecraft:spruce_door":1,"minecraft:crafting_table":6,"minecraft:lectern":2,"minecraft:tall_grass":7,"minecraft:deepslate_gold_ore":1,"minecraft:diorite":72,"minecraft:spruce_stairs":2,"minecraft:birch_planks":8,"minecraft:coarse_dirt":1,"minecraft:ice":1,"minecraft:spruce_log":13,"minecraft:birch_leaves":9,"minecraft:coal_ore":42,"minecraft:gravel":7,"minecraft:cobweb":69,"minecraft:cracked_stone_bricks":6,"minecraft:stone_bricks":9,"minecraft:polished_andesite":7,"minecraft:mossy_stone_bricks":8,"minecraft:fern":1},"minecraft:dropped":{"minecraft:nether_brick_stairs":1,"minecraft:birch_planks":8,"minecraft:cooked_beef":4,"minecraft:baked_potato":1,"minecraft:jungle_planks":1,"minecraft:cracked_stone_bricks":1,"artifacts:universal_attractor":1,"minecraft:leather_helmet":1,"minecraft:cooked_cod":3,"minecraft:sand":6,"minecraft:iron_pickaxe":1,"minecraft:bone":12,"minecraft:compass":1,"minecraft:golden_chestplate":2,"minecraft:cobbled_deepslate":24,"alexsmobs:animal_dictionary":1,"minecraft:rotten_flesh":72,"minecraft:oak_planks":4,"minecraft:carrot":1,"minecraft:chiseled_stone_bricks":2,"minecraft:tipped_arrow":1,"minecraft:chainmail_boots":2,"minecraft:iron_bars":1,"minecraft:arrow":4,"minecraft:stone_brick_stairs":1,"minecraft:lectern":2,"minecraft:water_bucket":1,"minecraft:iron_ingot":5,"minecraft:wheat_seeds":6,"minecraft:golden_helmet":1,"minecraft:mossy_cobblestone":3,"minecraft:prismarine_shard":2,"minecraft:iron_helmet":3,"minecraft:cobblestone":3,"minecraft:apple":1,"minecraft:spruce_button":1,"minecraft:mushroom_stew":3,"minecraft:polished_andesite":1,"minecraft:stick":1,"minecraft:diorite":31,"minecraft:ink_sac":3,"minecraft:rose_bush":1,"minecraft:iron_leggings":2,"minecraft:chainmail_leggings":1,"minecraft:string":10,"minecraft:spruce_sapling":8,"minecraft:kelp":13,"minecraft:dark_prismarine_stairs":1,"minecraft:smooth_stone_slab":1,"minecraft:bowl":2,"minecraft:iron_boots":3,"minecraft:nether_bricks":2,"minecraft:oak_sign":1,"minecraft:shears":1,"minecraft:flint_and_steel":2,"minecraft:filled_map":3,"minecraft:diamond_sword":1,"minecraft:potato":4,"minecraft:hay_block":12,"minecraft:diamond_chestplate":1,"minecraft:spruce_planks":4,"minecraft:iron_chestplate":1,"minecraft:andesite":3,"minecraft:mossy_stone_bricks":6,"minecraft:spider_eye":4,"minecraft:stone_bricks":2,"minecraft:bow":2,"minecraft:stone_pickaxe":3,"minecraft:dark_prismarine":1},"minecraft:broken":{"minecraft:stone_axe":1,"minecraft:stone_sword":1},"minecraft:killed_by":{"minecraft:zombie":2,"minecraft:player":5,"minecraft:skeleton":2,"minecraft:phantom":1},"minecraft:killed":{"guardvillagers:guard":1,"minecraft:cave_spider":14,"minecraft:spider":28,"creeperoverhaul:dripstone_creeper":1,"minecraft:skeleton":28,"minecraft:silverfish":20,"minecraft:elder_guardian":1,"minecraft:creeper":1,"minecraft:zombie":129,"minecraft:stray":11,"minecraft:cow":3,"minecraft:phantom":1,"minecraft:drowned":2,"goblintraders:goblin_trader":1,"minecraft:wither_skeleton":4},"minecraft:crafted":{"minecraft:oak_planks":48,"minecraft:birch_boat":1,"minecraft:heavy_weighted_pressure_plate":1,"minecraft:spruce_pressure_plate":1,"minecraft:diamond_leggings":1,"minecraft:bow":1,"minecraft:iron_boots":1,"minecraft:chest":1,"sophisticatedbackpacks:backpack":1,"minecraft:crafting_table":16,"minecraft:spruce_planks":20,"minecraft:wooden_pickaxe":1,"minecraft:birch_planks":112,"minecraft:iron_chestplate":1,"minecraft:diamond_pickaxe":1,"minecraft:shield":1,"naturescompass:naturescompass":1,"minecraft:stick":136,"minecraft:iron_ingot":63,"minecraft:iron_pickaxe":1,"minecraft:compass":2,"minecraft:iron_block":6,"minecraft:stone_sword":2,"minecraft:gold_ingot":9,"minecraft:shears":1,"minecraft:spruce_button":1,"minecraft:furnace":1,"minecraft:mushroom_stew":48,"minecraft:flint_and_steel":1,"minecraft:stone_pickaxe":1,"minecraft:diamond_boots":1,"minecraft:spruce_boat":1,"sophisticatedbackpacks:iron_backpack":1,"minecraft:wheat":99,"minecraft:bowl":8,"sophisticatedbackpacks:gold_backpack":1,"minecraft:bucket":1,"minecraft:stone_axe":2,"minecraft:bread":33,"minecraft:air":0,"minecraft:oak_boat":1,"minecraft:white_wool":5,"minecraft:golden_apple":2,"minecraft:anvil":2,"minecraft:white_bed":1,"minecraft:torch":396},"minecraft:custom":{"minecraft:interact_with_crafting_table":32,"minecraft:open_barrel":15,"goblintraders:trade_with_goblin":24,"minecraft:leave_game":3,"minecraft:time_since_death":77844,"minecraft:sprint_one_cm":968432,"minecraft:damage_blocked_by_shield":2170,"minecraft:drop":135,"minecraft:talked_to_villager":2,"minecraft:play_time":243449,"minecraft:deaths":10,"minecraft:jump":3451,"minecraft:walk_on_water_one_cm":75777,"minecraft:interact_with_furnace":15,"minecraft:sleep_in_bed":1,"minecraft:damage_dealt":43286,"minecraft:player_kills":4,"minecraft:crouch_one_cm":55680,"minecraft:mob_kills":260,"minecraft:interact_with_anvil":9,"minecraft:damage_dealt_resisted":744,"minecraft:climb_one_cm":3594,"minecraft:walk_one_cm":342477,"minecraft:walk_under_water_one_cm":72158,"minecraft:sneak_time":24154,"minecraft:boat_one_cm":475154,"minecraft:total_world_time":243449,"minecraft:time_since_rest":77869,"minecraft:damage_taken":9875,"minecraft:damage_absorbed":320,"minecraft:swim_one_cm":343363,"minecraft:fly_one_cm":673255,"minecraft:open_chest":230,"minecraft:fall_one_cm":120197},"minecraft:used":{"minecraft:shield":21,"minecraft:spruce_boat":1,"minecraft:lantern":1,"minecraft:stone_bricks":2,"minecraft:bow":5,"minecraft:furnace":3,"minecraft:diorite":50,"minecraft:diamond_boots":1,"minecraft:stone_pickaxe":24,"minecraft:prismarine":1,"minecraft:oak_planks":31,"minecraft:wooden_pickaxe":3,"minecraft:diamond_axe":105,"minecraft:golden_apple":10,"minecraft:mushroom_stew":45,"easy_villagers:villager":1,"minecraft:zombie_head":1,"minecraft:heavy_weighted_pressure_plate":1,"minecraft:bread":38,"minecraft:string":3,"minecraft:diamond_sword":576,"minecraft:oak_boat":1,"minecraft:experience_bottle":2,"minecraft:iron_bars":6,"minecraft:stone_sword":182,"minecraft:flint_and_steel":4,"minecraft:torch":414,"minecraft:brewing_stand":1,"minecraft:anvil":6,"minecraft:diamond_helmet":3,"minecraft:iron_axe":10,"minecraft:spruce_button":1,"minecraft:iron_boots":1,"minecraft:diamond_chestplate":2,"minecraft:cooked_beef":30,"minecraft:cobbled_deepslate":25,"minecraft:water_bucket":238,"minecraft:birch_planks":32,"minecraft:polished_andesite":6,"minecraft:birch_boat":6,"minecraft:cracked_stone_bricks":2,"minecraft:tnt":17,"minecraft:crafting_table":22,"minecraft:white_bed":1,"minecraft:diamond_pickaxe":882,"minecraft:apple":14,"minecraft:diamond_shovel":9,"minecraft:iron_pickaxe":21,"minecraft:map":1,"minecraft:stone_axe":178,"minecraft:cobblestone":87,"minecraft:bucket":239,"alexsmobs:animal_dictionary":1,"minecraft:diamond_leggings":1}},"DataVersion":2975}