{"stats":{"minecraft:used":{"minecraft:elytra":1,"minecraft:firework_rocket":11},"minecraft:custom":{"minecraft:jump":53,"minecraft:time_since_rest":4609,"minecraft:crouch_one_cm":67,"minecraft:leave_game":2,"minecraft:play_time":4609,"minecraft:sprint_one_cm":6021,"minecraft:time_since_death":4609,"minecraft:walk_on_water_one_cm":304,"minecraft:walk_one_cm":1306,"minecraft:sneak_time":96,"minecraft:climb_one_cm":135,"minecraft:total_world_time":4609,"minecraft:fly_one_cm":90002,"minecraft:aviate_one_cm":280032}},"DataVersion":2975}