{"stats":{"minecraft:picked_up":{"minecraft:crafting_table":4,"minecraft:iron_chestplate":1,"minecraft:coarse_dirt":1,"minecraft:brown_mushroom":1,"minecraft:diamond_sword":1,"minecraft:wooden_pickaxe":1,"minecraft:diamond_horse_armor":1,"minecraft:shield":1,"minecraft:string":3,"minecraft:raw_copper":216,"minecraft:iron_leggings":1,"minecraft:zombie_head":2,"minecraft:blue_orchid":1,"minecraft:cobbled_deepslate":59,"minecraft:beef":21,"minecraft:iron_pickaxe":1,"minecraft:chest":1,"minecraft:egg":1,"minecraft:iron_boots":2,"minecraft:furnace":2,"minecraft:tipped_arrow":1,"minecraft:raw_iron":12,"minecraft:acacia_log":1,"minecraft:porkchop":4,"minecraft:golden_chestplate":1,"minecraft:rotten_flesh":26,"minecraft:arrow":7,"minecraft:nether_bricks":3,"minecraft:mutton":13,"minecraft:skeleton_skull":1,"minecraft:white_wool":7,"minecraft:cobblestone":76,"minecraft:leather_chestplate":1,"minecraft:andesite":12,"minecraft:golden_leggings":2,"minecraft:red_mushroom":2,"alexsmobs:bison_fur":2,"minecraft:mushroom_stew":2,"minecraft:oak_log":12,"botania:magenta_mushroom":1,"botania:light_blue_mystical_flower":1,"minecraft:bone":7,"minecraft:bow":2,"minecraft:wheat_seeds":3,"minecraft:raw_gold":14,"minecraft:oak_planks":1,"minecraft:spider_eye":1,"minecraft:dark_prismarine":6,"minecraft:oak_wood":5,"alexsmobs:raw_catfish":6,"minecraft:diamond":2,"minecraft:chainmail_leggings":1,"minecraft:iron_helmet":1,"minecraft:chainmail_helmet":1,"minecraft:coal":38,"minecraft:black_wool":1,"minecraft:bricks":2},"minecraft:mined":{"botania:magenta_mushroom":1,"minecraft:dark_prismarine":6,"minecraft:deepslate_diamond_ore":2,"minecraft:furnace":2,"minecraft:iron_ore":8,"minecraft:cobbled_deepslate":1,"minecraft:andesite":11,"minecraft:deepslate_iron_ore":4,"minecraft:vine":1,"minecraft:stone":69,"botania:light_blue_mystical_flower":1,"minecraft:brown_stained_glass_pane":4,"minecraft:crafting_table":4,"minecraft:oak_wood":5,"minecraft:tall_grass":5,"minecraft:copper_ore":60,"minecraft:cobblestone":11,"minecraft:deepslate_coal_ore":1,"minecraft:deepslate_gold_ore":14,"minecraft:oak_planks":1,"minecraft:bricks":2,"minecraft:skeleton_skull":1,"minecraft:coarse_dirt":1,"minecraft:grass":15,"minecraft:oak_log":12,"minecraft:coal_ore":29,"minecraft:zombie_head":1,"minecraft:red_mushroom_block":7,"minecraft:small_dripleaf":1,"minecraft:oak_leaves":1,"minecraft:deepslate":61},"minecraft:dropped":{"minecraft:brown_mushroom":1,"minecraft:wheat_seeds":2,"minecraft:glass_bottle":3,"minecraft:acacia_log":1,"minecraft:chainmail_helmet":1,"alexsmobs:bison_fur":2,"minecraft:red_mushroom":2,"minecraft:stick":1,"minecraft:torch":1,"minecraft:zombie_head":1,"minecraft:iron_leggings":1,"minecraft:chainmail_leggings":1,"minecraft:string":1,"minecraft:bone":7,"minecraft:bricks":2,"minecraft:golden_chestplate":1,"minecraft:coarse_dirt":1,"minecraft:stone_sword":1,"minecraft:bowl":2,"minecraft:rotten_flesh":10,"minecraft:nether_bricks":2,"minecraft:leather_chestplate":1,"minecraft:tipped_arrow":1,"minecraft:iron_chestplate":1,"minecraft:golden_leggings":2,"minecraft:spider_eye":1,"minecraft:bow":2,"minecraft:wooden_pickaxe":2,"minecraft:black_wool":1},"minecraft:broken":{"minecraft:iron_boots":1,"minecraft:stone_pickaxe":1},"minecraft:killed_by":{"minecraft:player":3,"minecraft:creeper":1,"minecraft:skeleton":3,"minecraft:zombie":5},"minecraft:killed":{"minecraft:spider":3,"alexsmobs:froststalker":2,"minecraft:skeleton":3,"alexsmobs:bison":1,"minecraft:pig":2,"minecraft:sheep":8,"alexsmobs:catfish":1,"minecraft:zombie":7,"minecraft:stray":1,"creeperoverhaul:savannah_creeper":1},"minecraft:crafted":{"minecraft:oak_planks":68,"minecraft:furnace":4,"minecraft:cooked_mutton":13,"minecraft:stone_pickaxe":2,"botania:light_blue_petal":2,"alexsmobs:cooked_catfish":1,"minecraft:magenta_dye":1,"minecraft:cooked_beef":13,"minecraft:diamond_sword":1,"minecraft:crafting_table":3,"minecraft:wooden_pickaxe":1,"minecraft:stone_axe":1,"minecraft:air":0,"minecraft:stick":12,"minecraft:iron_ingot":4,"minecraft:stone_sword":1,"minecraft:torch":4},"minecraft:custom":{"minecraft:mob_kills":30,"minecraft:interact_with_crafting_table":42,"minecraft:open_barrel":3,"minecraft:leave_game":8,"minecraft:time_since_death":12505,"minecraft:climb_one_cm":664,"minecraft:sprint_one_cm":273285,"minecraft:walk_one_cm":143029,"minecraft:drop":40,"minecraft:play_time":84839,"minecraft:deaths":14,"minecraft:sneak_time":4563,"minecraft:walk_under_water_one_cm":6809,"minecraft:jump":1659,"minecraft:walk_on_water_one_cm":12141,"minecraft:total_world_time":84839,"minecraft:interact_with_furnace":28,"minecraft:time_since_rest":12537,"minecraft:damage_taken":4078,"minecraft:damage_dealt":5780,"minecraft:swim_one_cm":36572,"minecraft:fly_one_cm":291541,"minecraft:player_kills":3,"minecraft:open_chest":31,"minecraft:crouch_one_cm":9341,"minecraft:fall_one_cm":42256},"minecraft:used":{"minecraft:stone_sword":36,"minecraft:chest":1,"minecraft:rotten_flesh":13,"minecraft:torch":4,"minecraft:nether_bricks":1,"minecraft:iron_axe":1,"minecraft:blue_orchid":1,"minecraft:furnace":4,"minecraft:egg":13,"minecraft:cooked_beef":8,"minecraft:cobbled_deepslate":6,"alexsmobs:raw_catfish":5,"minecraft:stone_pickaxe":210,"minecraft:wooden_pickaxe":6,"minecraft:crafting_table":6,"minecraft:mushroom_stew":2,"minecraft:dark_prismarine":6,"minecraft:bread":1,"minecraft:iron_pickaxe":70,"minecraft:stone_axe":26,"minecraft:diamond_sword":92,"minecraft:cobblestone":25,"minecraft:porkchop":2}},"DataVersion":2975}