{"stats":{"minecraft:picked_up":{"sophisticatedbackpacks:gold_backpack":1,"minecraft:crafting_table":4,"minecraft:iron_chestplate":1,"minecraft:coarse_dirt":1,"minecraft:chicken":2,"minecraft:brown_mushroom":1,"minecraft:diamond_sword":1,"minecraft:wooden_pickaxe":1,"minecraft:diamond_horse_armor":1,"minecraft:shield":1,"minecraft:string":3,"minecraft:red_bed":1,"minecraft:raw_copper":216,"minecraft:iron_leggings":1,"minecraft:zombie_head":2,"minecraft:blue_orchid":1,"minecraft:gold_nugget":11,"minecraft:cobbled_deepslate":60,"minecraft:beef":33,"minecraft:iron_pickaxe":1,"minecraft:chest":1,"minecraft:furnace":2,"minecraft:iron_boots":2,"minecraft:egg":1,"minecraft:tipped_arrow":1,"minecraft:raw_iron":12,"minecraft:acacia_log":1,"minecraft:porkchop":4,"minecraft:golden_chestplate":1,"minecraft:weeping_vines":1,"minecraft:rotten_flesh":26,"minecraft:arrow":7,"minecraft:nether_bricks":3,"minecraft:cyan_terracotta":2,"minecraft:mutton":17,"minecraft:skeleton_skull":1,"minecraft:white_wool":9,"minecraft:cobblestone":80,"minecraft:leather_chestplate":1,"minecraft:feather":2,"minecraft:andesite":12,"minecraft:golden_leggings":2,"minecraft:red_mushroom":2,"minecraft:mushroom_stew":2,"alexsmobs:bison_fur":2,"minecraft:oak_log":12,"minecraft:nether_wart_block":1,"botania:magenta_mushroom":1,"minecraft:dirt":4,"botania:light_blue_mystical_flower":1,"minecraft:bone":7,"minecraft:bow":2,"minecraft:wheat_seeds":10,"minecraft:raw_gold":14,"minecraft:oak_planks":2,"stalwart_dungeons:transient_block_close":1,"minecraft:warped_fungus":1,"minecraft:quartz":4,"minecraft:white_bed":1,"minecraft:spider_eye":1,"minecraft:dark_prismarine":6,"alexsmobs:raw_catfish":6,"minecraft:oak_wood":5,"minecraft:diamond":2,"minecraft:chainmail_leggings":1,"minecraft:iron_helmet":1,"minecraft:chainmail_helmet":1,"minecraft:netherrack":3,"minecraft:coal":38,"minecraft:black_wool":1,"minecraft:bricks":2,"minecraft:crimson_roots":1},"minecraft:mined":{"minecraft:nether_gold_ore":4,"botania:magenta_mushroom":1,"minecraft:dark_prismarine":6,"minecraft:deepslate_diamond_ore":2,"minecraft:gray_stained_glass_pane":2,"minecraft:crimson_roots":2,"minecraft:weeping_vines_plant":1,"minecraft:furnace":2,"minecraft:iron_ore":8,"minecraft:cobbled_deepslate":2,"minecraft:andesite":11,"minecraft:deepslate_iron_ore":4,"minecraft:vine":1,"minecraft:stone":69,"botania:light_blue_mystical_flower":1,"minecraft:crimson_nylium":1,"minecraft:brown_stained_glass_pane":4,"minecraft:crafting_table":4,"minecraft:oak_wood":5,"minecraft:nether_quartz_ore":4,"minecraft:tall_grass":9,"minecraft:copper_ore":60,"minecraft:cobblestone":11,"minecraft:deepslate_coal_ore":1,"minecraft:deepslate_gold_ore":14,"minecraft:oak_planks":1,"minecraft:bricks":2,"minecraft:skeleton_skull":1,"minecraft:coarse_dirt":1,"minecraft:nether_wart_block":1,"minecraft:warped_fungus":1,"minecraft:grass":24,"minecraft:oak_log":12,"minecraft:coal_ore":29,"minecraft:zombie_head":1,"minecraft:gravel":1,"minecraft:cobweb":1,"minecraft:red_mushroom_block":7,"minecraft:small_dripleaf":1,"minecraft:netherrack":2,"minecraft:oak_leaves":1,"minecraft:deepslate":61},"minecraft:dropped":{"minecraft:brown_mushroom":1,"minecraft:wheat_seeds":10,"minecraft:glass_bottle":3,"minecraft:feather":2,"minecraft:acacia_log":1,"minecraft:chainmail_helmet":1,"alexsmobs:bison_fur":2,"minecraft:red_mushroom":2,"minecraft:stick":1,"minecraft:torch":1,"minecraft:zombie_head":1,"minecraft:iron_leggings":1,"minecraft:chainmail_leggings":1,"minecraft:string":1,"minecraft:bone":7,"minecraft:bricks":2,"minecraft:golden_chestplate":1,"minecraft:coarse_dirt":1,"minecraft:stone_sword":1,"minecraft:bowl":2,"minecraft:rotten_flesh":10,"minecraft:nether_bricks":2,"minecraft:leather_chestplate":1,"minecraft:tipped_arrow":1,"minecraft:iron_chestplate":1,"minecraft:golden_leggings":2,"minecraft:spider_eye":1,"minecraft:bow":2,"minecraft:wooden_pickaxe":2,"minecraft:black_wool":1},"minecraft:broken":{"minecraft:iron_boots":1,"minecraft:stone_pickaxe":1},"minecraft:killed_by":{"minecraft:player":4,"minecraft:creeper":1,"alexsmobs:bison":1,"stalwart_dungeons:giddy_blaze":1,"minecraft:skeleton":3,"minecraft:zombie":5},"minecraft:killed":{"guardvillagers:guard":1,"minecraft:cave_spider":4,"minecraft:spider":3,"alexsmobs:froststalker":2,"minecraft:skeleton":3,"minecraft:chicken":2,"alexsmobs:bison":3,"minecraft:piglin":4,"minecraft:pig":2,"minecraft:sheep":10,"alexsmobs:catfish":1,"minecraft:zombie":7,"minecraft:stray":1,"creeperoverhaul:savannah_creeper":1},"minecraft:crafted":{"minecraft:oak_planks":68,"minecraft:cooked_chicken":2,"minecraft:furnace":4,"minecraft:cooked_mutton":17,"minecraft:stone_pickaxe":2,"botania:light_blue_petal":2,"alexsmobs:cooked_catfish":1,"minecraft:magenta_dye":1,"minecraft:cooked_beef":32,"minecraft:diamond_sword":1,"minecraft:cooked_porkchop":2,"minecraft:crafting_table":3,"minecraft:wooden_pickaxe":1,"minecraft:stone_axe":1,"minecraft:air":0,"minecraft:stick":12,"minecraft:iron_ingot":4,"minecraft:stone_sword":1,"minecraft:torch":4},"minecraft:custom":{"minecraft:mob_kills":44,"minecraft:interact_with_crafting_table":42,"minecraft:open_barrel":3,"minecraft:leave_game":13,"minecraft:time_since_death":1113,"minecraft:climb_one_cm":664,"minecraft:sprint_one_cm":324540,"minecraft:walk_one_cm":192338,"minecraft:damage_blocked_by_shield":210,"minecraft:drop":48,"minecraft:talked_to_villager":4,"minecraft:play_time":110798,"minecraft:deaths":17,"minecraft:sneak_time":5329,"minecraft:walk_under_water_one_cm":7909,"minecraft:jump":1979,"minecraft:walk_on_water_one_cm":13877,"minecraft:total_world_time":110798,"minecraft:interact_with_furnace":41,"minecraft:sleep_in_bed":1,"minecraft:time_since_rest":1157,"minecraft:damage_taken":5524,"minecraft:damage_dealt":7945,"minecraft:swim_one_cm":40862,"minecraft:fly_one_cm":356776,"minecraft:player_kills":3,"minecraft:open_chest":33,"minecraft:crouch_one_cm":10665,"minecraft:fall_one_cm":49358},"minecraft:used":{"minecraft:stone_sword":36,"minecraft:chest":1,"minecraft:shield":17,"minecraft:rotten_flesh":13,"minecraft:torch":4,"minecraft:dirt":4,"minecraft:nether_bricks":1,"minecraft:cyan_terracotta":2,"minecraft:iron_axe":1,"minecraft:blue_orchid":1,"minecraft:furnace":4,"minecraft:egg":13,"minecraft:cooked_beef":13,"minecraft:cobbled_deepslate":10,"alexsmobs:raw_catfish":5,"minecraft:cooked_mutton":4,"alexsmobs:cooked_catfish":1,"minecraft:stone_pickaxe":210,"minecraft:wooden_pickaxe":6,"minecraft:crafting_table":6,"minecraft:mushroom_stew":2,"minecraft:white_bed":1,"minecraft:dark_prismarine":6,"minecraft:bread":1,"minecraft:iron_pickaxe":85,"minecraft:stone_axe":26,"minecraft:nether_wart_block":1,"minecraft:diamond_sword":148,"minecraft:cobblestone":25,"minecraft:porkchop":2}},"DataVersion":2975}