{"stats":{"minecraft:picked_up":{"sophisticatedbackpacks:gold_backpack":1,"minecraft:crafting_table":5,"minecraft:iron_chestplate":1,"minecraft:coarse_dirt":1,"minecraft:chicken":2,"minecraft:brown_mushroom":1,"minecraft:diamond_sword":2,"minecraft:wooden_pickaxe":1,"minecraft:diamond_horse_armor":1,"minecraft:nether_brick":5,"stalwart_dungeons:soul_bricks":4,"minecraft:crimson_planks":22,"minecraft:shield":1,"minecraft:moss_carpet":2,"minecraft:string":16,"minecraft:red_bed":1,"minecraft:raw_copper":408,"minecraft:iron_leggings":1,"minecraft:zombie_head":2,"minecraft:blue_orchid":1,"minecraft:diamond_leggings":1,"minecraft:cobbled_deepslate":60,"minecraft:gold_nugget":11,"alexsmobs:banana":1,"minecraft:beef":61,"minecraft:cobblestone_slab":6,"minecraft:iron_pickaxe":1,"minecraft:light_gray_wool":4,"minecraft:chest":1,"minecraft:furnace":5,"minecraft:iron_boots":2,"minecraft:egg":1,"minecraft:tipped_arrow":1,"minecraft:raw_iron":12,"minecraft:acacia_log":1,"botania:purple_mushroom":1,"minecraft:porkchop":18,"alexsmobs:leafcutter_ant_pupa":1,"minecraft:golden_chestplate":1,"stalwart_dungeons:soul_magma_bricks":1,"artifacts:snorkel":1,"minecraft:weeping_vines":1,"minecraft:arrow":7,"minecraft:rotten_flesh":30,"stalwart_dungeons:raw_tungsten":13,"minecraft:nether_bricks":3,"minecraft:diamond_boots":1,"minecraft:cyan_terracotta":2,"minecraft:blaze_rod":5,"minecraft:mutton":50,"minecraft:iron_bars":4,"minecraft:skeleton_skull":1,"minecraft:white_wool":29,"minecraft:cobblestone":82,"minecraft:leather_chestplate":1,"minecraft:feather":2,"minecraft:jungle_log":1,"minecraft:andesite":12,"minecraft:leather":2,"minecraft:golden_leggings":2,"stalwart_dungeons:tungsten_hammer":1,"minecraft:red_mushroom":2,"alexsmobs:bison_fur":4,"minecraft:mushroom_stew":2,"botania:green_double_flower":1,"minecraft:oak_log":12,"minecraft:nether_wart_block":1,"botania:magenta_mushroom":1,"minecraft:dirt":4,"botania:light_blue_mystical_flower":1,"stalwart_dungeons:blaze_armor_scrap":4,"minecraft:bone":15,"minecraft:bow":3,"minecraft:wheat_seeds":12,"minecraft:raw_gold":14,"minecraft:diamond_helmet":1,"minecraft:glowstone_dust":3,"minecraft:oak_planks":2,"stalwart_dungeons:transient_block_close":1,"minecraft:warped_fungus":1,"stalwart_dungeons:tungsten_ingot":10,"minecraft:quartz":9,"minecraft:white_bed":1,"minecraft:spider_eye":4,"minecraft:dark_prismarine":6,"alexsmobs:raw_catfish":6,"minecraft:oak_wood":5,"minecraft:diamond":3,"minecraft:chainmail_leggings":1,"minecraft:iron_helmet":1,"minecraft:chainmail_helmet":1,"minecraft:oak_sapling":1,"minecraft:andesite_slab":2,"minecraft:netherrack":4,"minecraft:black_wool":2,"minecraft:bricks":2,"minecraft:coal":42,"minecraft:crimson_roots":1},"minecraft:mined":{"botania:magenta_mushroom":1,"minecraft:dark_prismarine":6,"minecraft:nether_gold_ore":4,"stalwart_dungeons:soul_bricks":4,"minecraft:deepslate_diamond_ore":2,"alexsmobs:leafcutter_anthill":1,"minecraft:gray_stained_glass_pane":2,"minecraft:jungle_log":1,"minecraft:crimson_roots":3,"alexsmobs:leafcutter_ant_chamber":1,"minecraft:spawner":3,"botania:purple_mushroom":1,"minecraft:weeping_vines_plant":1,"minecraft:glowstone":1,"minecraft:furnace":5,"minecraft:iron_ore":8,"minecraft:fire":4,"minecraft:cobbled_deepslate":2,"minecraft:andesite":11,"minecraft:moss_carpet":1,"minecraft:iron_bars":2,"minecraft:deepslate_iron_ore":4,"minecraft:vine":2,"stalwart_dungeons:soul_magma_bricks":1,"minecraft:stone":70,"botania:light_blue_mystical_flower":1,"minecraft:brown_stained_glass_pane":4,"minecraft:crimson_nylium":1,"minecraft:crafting_table":5,"botania:green_double_flower":1,"minecraft:oak_wood":5,"minecraft:nether_quartz_ore":9,"minecraft:copper_ore":60,"minecraft:tall_grass":21,"minecraft:cobblestone":12,"minecraft:deepslate_coal_ore":1,"minecraft:deepslate_gold_ore":14,"minecraft:oak_planks":1,"minecraft:bricks":2,"stalwart_dungeons:tungsten_ore":11,"minecraft:skeleton_skull":1,"minecraft:coarse_dirt":2,"minecraft:nether_wart_block":1,"minecraft:warped_fungus":1,"minecraft:grass":46,"minecraft:oak_log":12,"minecraft:coal_ore":29,"minecraft:zombie_head":1,"minecraft:gravel":1,"minecraft:crimson_planks":24,"minecraft:cobweb":7,"minecraft:red_mushroom_block":7,"minecraft:small_dripleaf":1,"minecraft:netherrack":3,"minecraft:deepslate":61,"minecraft:oak_leaves":2,"minecraft:fern":2},"minecraft:dropped":{"minecraft:brown_mushroom":1,"minecraft:warped_fungus":1,"minecraft:wheat_seeds":12,"minecraft:glass_bottle":3,"minecraft:weeping_vines":1,"minecraft:feather":2,"minecraft:acacia_log":1,"minecraft:chainmail_helmet":1,"alexsmobs:bison_fur":4,"minecraft:red_mushroom":2,"minecraft:stick":1,"stalwart_dungeons:blaze_armor_scrap":2,"minecraft:torch":1,"minecraft:zombie_head":1,"minecraft:iron_leggings":1,"minecraft:chainmail_leggings":1,"minecraft:string":4,"minecraft:bone":7,"minecraft:bricks":2,"botania:purple_mushroom":1,"minecraft:golden_chestplate":1,"minecraft:coarse_dirt":1,"minecraft:stone_sword":1,"minecraft:nether_brick":5,"minecraft:bowl":2,"stalwart_dungeons:tungsten_hammer":1,"minecraft:rotten_flesh":12,"minecraft:light_gray_wool":2,"minecraft:nether_bricks":2,"minecraft:filled_map":1,"minecraft:diamond_sword":1,"minecraft:leather_chestplate":1,"minecraft:cobblestone_slab":5,"minecraft:tipped_arrow":1,"minecraft:shield":1,"minecraft:iron_chestplate":1,"minecraft:golden_leggings":2,"minecraft:spider_eye":1,"minecraft:bow":3,"minecraft:wooden_pickaxe":2,"minecraft:black_wool":1},"minecraft:broken":{"minecraft:iron_boots":2,"minecraft:stone_pickaxe":1,"minecraft:iron_helmet":1},"minecraft:killed_by":{"minecraft:player":5,"minecraft:creeper":1,"alexsmobs:bison":3,"stalwart_dungeons:giddy_blaze":2,"minecraft:skeleton":3,"minecraft:zombie":7,"stalwart_dungeons:reinforced_blaze":3,"stalwart_dungeons:incomplete_wither":1},"minecraft:killed":{"alexsmobs:dropbear":1,"guardvillagers:guard":1,"minecraft:cave_spider":4,"minecraft:spider":11,"creeperoverhaul:bamboo_creeper":1,"alexsmobs:froststalker":2,"minecraft:skeleton":6,"alexsmobs:leafcutter_ant":5,"alexsmobs:capuchin_monkey":1,"minecraft:chicken":2,"stalwart_dungeons:nether_wart_cocoon":1,"alexsmobs:bison":6,"minecraft:piglin":6,"minecraft:pig":10,"stalwart_dungeons:reinforced_blaze":1,"stalwart_dungeons:giddy_blaze":3,"minecraft:sheep":33,"alexsmobs:catfish":1,"minecraft:zombie":10,"minecraft:stray":1,"creeperoverhaul:savannah_creeper":1,"minecraft:cow":3},"minecraft:crafted":{"minecraft:oak_planks":68,"minecraft:cooked_chicken":2,"minecraft:furnace":4,"minecraft:cooked_mutton":24,"minecraft:stone_pickaxe":2,"botania:light_blue_petal":2,"alexsmobs:cooked_catfish":1,"minecraft:magenta_dye":1,"stalwart_dungeons:tungsten_ingot":13,"minecraft:cooked_beef":55,"minecraft:diamond_sword":1,"minecraft:cooked_porkchop":2,"minecraft:crafting_table":3,"minecraft:wooden_pickaxe":1,"minecraft:stone_axe":1,"minecraft:air":0,"minecraft:stick":12,"minecraft:iron_ingot":5,"minecraft:stone_sword":1,"minecraft:gold_ingot":14,"minecraft:torch":4},"minecraft:custom":{"minecraft:mob_kills":109,"minecraft:interact_with_crafting_table":50,"minecraft:open_barrel":3,"minecraft:leave_game":19,"minecraft:time_since_death":0,"minecraft:climb_one_cm":7937,"minecraft:damage_resisted":8,"minecraft:sprint_one_cm":575169,"minecraft:walk_one_cm":339560,"minecraft:damage_blocked_by_shield":1630,"minecraft:drop":68,"minecraft:talked_to_villager":4,"minecraft:play_time":190506,"minecraft:sneak_time":11718,"minecraft:deaths":29,"minecraft:walk_under_water_one_cm":17061,"minecraft:jump":3675,"minecraft:walk_on_water_one_cm":22712,"minecraft:total_world_time":190506,"minecraft:interact_with_furnace":100,"minecraft:sleep_in_bed":1,"minecraft:time_since_rest":34,"minecraft:damage_taken":11618,"minecraft:damage_dealt":17414,"minecraft:swim_one_cm":146405,"minecraft:fly_one_cm":663204,"minecraft:player_kills":4,"minecraft:open_chest":49,"minecraft:crouch_one_cm":25390,"minecraft:fall_one_cm":102235},"minecraft:used":{"minecraft:moss_carpet":2,"minecraft:stone_sword":36,"minecraft:chest":1,"minecraft:shield":32,"minecraft:cooked_chicken":2,"minecraft:rotten_flesh":15,"minecraft:netherrack":4,"minecraft:torch":5,"minecraft:dirt":4,"minecraft:nether_bricks":1,"stalwart_dungeons:tungsten_hammer":2,"minecraft:cyan_terracotta":2,"minecraft:iron_axe":28,"minecraft:blue_orchid":1,"minecraft:crimson_roots":1,"stalwart_dungeons:soul_magma_bricks":1,"minecraft:crimson_planks":22,"minecraft:light_gray_wool":2,"minecraft:bow":1,"minecraft:furnace":6,"alexsmobs:banana":1,"minecraft:egg":13,"minecraft:cooked_beef":28,"minecraft:cobbled_deepslate":60,"alexsmobs:raw_catfish":5,"minecraft:cooked_mutton":24,"alexsmobs:cooked_catfish":1,"minecraft:oak_planks":47,"minecraft:stone_pickaxe":210,"minecraft:andesite_slab":2,"minecraft:wooden_pickaxe":6,"minecraft:cobblestone_slab":1,"stalwart_dungeons:transient_block_close":1,"stalwart_dungeons:soul_bricks":4,"minecraft:crafting_table":7,"minecraft:mushroom_stew":2,"minecraft:white_bed":1,"alexsmobs:leafcutter_ant_pupa":1,"minecraft:dark_prismarine":6,"minecraft:bread":1,"minecraft:iron_pickaxe":118,"minecraft:stone_axe":26,"minecraft:nether_wart_block":1,"minecraft:diamond_sword":336,"minecraft:fire_charge":2,"minecraft:cobblestone":38,"minecraft:porkchop":2,"minecraft:cooked_porkchop":2,"minecraft:andesite":12}},"DataVersion":2975}